VariableCode,Item,Generation,ExtractSource,SurveySource,SurveyYear,LoopIndex,Translate,Active,Notes
R0000100,100,1,3,1,1979,0,0,1,Is read directly in Subject.cs
C0000100,100,2,6,2,0,0,0,1,Is read directly in Subject.cs
R0000149,101,1,3,1,1979,0,0,1,Is read directly in Subject.cs
R0214800,102,1,3,1,1979,0,0,1,Is read directly in Subject.cs
C0005400,102,2,4,2,0,0,0,1,Is read directly in Subject.cs
R0214700,103,1,3,1,1979,0,1,1,No missing values
C0005300,103,2,4,2,0,0,1,1,no missing values
R0000150,1,1,10,1,1979,1,1,1,
R0000152,1,1,10,1,1979,2,1,1,
R0000154,1,1,10,1,1979,3,1,1,
R0000156,1,1,10,1,1979,4,1,1,
R0000158,1,1,10,1,1979,5,1,1,
R0000151,2,1,10,1,1979,1,1,1,
R0000153,2,1,10,1,1979,2,1,1,
R0000155,2,1,10,1,1979,3,1,1,
R0000157,2,1,10,1,1979,4,1,1,
R0000159,2,1,10,1,1979,5,1,1,
R0000162,3,1,10,1,1979,1,1,1,
R0000163,3,1,10,1,1979,2,1,1,
R0000164,3,1,10,1,1979,3,1,1,
R0000165,3,1,10,1,1979,4,1,1,
R0000166,3,1,10,1,1979,5,1,1,
R4125101,4,1,10,1,1993,1,1,1,
R4125801,4,1,10,1,1993,2,1,1,
R4126501,4,1,10,1,1993,3,1,1,
R4127201,4,1,10,1,1993,4,1,1,
R4127901,4,1,10,1,1993,5,1,1,
R4128601,4,1,10,1,1993,6,1,1,
R4129301,4,1,10,1,1993,7,1,1,
R4130001,4,1,10,1,1993,8,1,1,
R4130701,4,1,10,1,1993,9,1,1,
R4131401,4,1,10,1,1993,10,1,1,
R4132101,4,1,10,1,1993,11,1,1,
R4132801,4,1,10,1,1993,12,1,1,
R4133701,4,1,10,1,1993,13,1,1,
R0216500,16,1,3,1,1979,0,1,1,
R0406510,16,1,3,1,1980,0,1,1,
R0619010,16,1,3,1,1981,0,1,1,
R0898310,16,1,3,1,1982,0,1,1,
R1145110,16,1,3,1,1983,0,1,1,
R1520310,16,1,3,1,1984,0,1,1,
R1891010,16,1,3,1,1985,0,1,1,
R2258110,16,1,3,1,1986,0,1,1,
R2445510,16,1,3,1,1987,0,1,1,
R2871300,16,1,3,1,1988,0,1,1,
R3075000,16,1,3,1,1989,0,1,1,
R3401700,16,1,3,1,1990,0,1,1,
R3657100,16,1,3,1,1991,0,1,1,
R4007600,16,1,3,1,1992,0,1,1,
R4418700,16,1,3,1,1993,0,1,1,
R5081700,16,1,3,1,1994,0,1,1,
R5167000,16,1,3,1,1996,0,1,1,
R6479800,16,1,3,1,1998,0,1,1,
R7007500,16,1,3,1,2000,0,1,1,
R7704800,16,1,3,1,2002,0,1,1,
R8497200,16,1,3,1,2004,0,1,1,
T0989000,16,1,3,1,2006,0,1,1,
T2210800,16,1,3,1,2008,0,1,1,
T3108700,16,1,3,1,2010,0,1,1,
T4113200,16,1,3,1,2012,0,1,1,
T5023600,16,1,3,1,2014,0,1,1,
C0006500,17,2,4,2,1986,0,1,1,
C0006800,17,2,4,2,1988,0,1,1,
C0007010,17,2,4,2,1990,0,1,1,
C0007030,17,2,4,2,1992,0,1,1,
C0007041,17,2,4,2,1994,0,1,1,
C0007043,17,2,4,2,1996,0,1,1,
C0007045,17,2,4,2,1998,0,1,1,
C0007047,17,2,4,2,2000,0,1,1,
C0007049,17,2,4,2,2002,0,1,1,
C0007052,17,2,4,2,2004,0,1,1,
C0007055,17,2,4,2,2006,0,1,1,
C3601100,17,2,4,2,2008,0,1,1,
C3981100,17,2,4,2,2010,0,1,1,
C5524800,17,2,4,2,2012,0,1,1,
C5801100,17,2,4,2,2014,0,1,1,
Y0002100,16,2,4,3,1994,0,1,1,
Y0677600,16,2,4,3,1996,0,1,1,
Y0974800,16,2,4,3,1998,1,1,1,
Y1192400,16,2,4,3,2000,2,1,1,
Y1434300,16,2,4,3,2002,3,1,1,
Y1672700,16,2,4,3,2004,4,1,1,
Y1948500,16,2,4,3,2006,5,1,1,
Y2267100,16,2,4,3,2008,6,1,1,
Y2616000,16,2,4,3,2010,7,1,1,
Y2966400,16,2,4,3,2012,7,1,1,
Y3331900,16,2,4,3,2014,7,1,1,
R0000300,13,1,3,1,1979,0,1,1,
R0000500,14,1,3,1,1979,0,1,1,
R0410100,13,1,3,1,1981,0,1,1,
R0410300,14,1,3,1,1981,0,1,1,
C0005500,13,2,4,2,0,0,1,1,
C0005700,15,2,4,2,0,0,1,1,
C0005800,60,2,4,2,0,0,1,1,
R0009100,63,1,3,1,1979,0,1,1,
Y2148600,64,2,4,3,2008,0,1,1,
R0009300,66,1,3,1,1979,0,1,1,
C0000200,11,2,4,2,0,0,1,1,
R9908000,48,1,5,1,0,0,1,1,
Y1708400,10,2,4,3,2006,1,1,1,
Y1708500,10,2,4,3,2006,2,1,1,
Y1708600,10,2,4,3,2006,3,1,1,
Y1708700,10,2,4,3,2006,4,1,1,
Y1708800,10,2,4,3,2006,5,1,1,
Y1708900,10,2,4,3,2006,6,1,1,
Y1709000,10,2,4,3,2006,7,1,1,
Y1709100,10,2,4,3,2006,8,1,1,
Y1709200,10,2,4,3,2006,9,1,1,
Y1709300,10,2,4,3,2006,10,1,1,
Y1707400,9,2,4,3,2006,1,1,1,
Y1707500,9,2,4,3,2006,2,1,1,
Y1707600,9,2,4,3,2006,3,1,1,
Y1707700,9,2,4,3,2006,4,1,1,
Y1707800,9,2,4,3,2006,5,1,1,
Y1707900,9,2,4,3,2006,6,1,1,
Y1708000,9,2,4,3,2006,7,1,1,
Y1708100,9,2,4,3,2006,8,1,1,
Y1708200,9,2,4,3,2006,9,1,1,
Y1708300,9,2,4,3,2006,10,1,1,
Y1994000,10,2,4,3,2008,1,1,1,
Y1994100,10,2,4,3,2008,2,1,1,
Y1994200,10,2,4,3,2008,3,1,1,
Y1994300,10,2,4,3,2008,4,1,1,
Y1994400,10,2,4,3,2008,5,1,1,
Y1994500,10,2,4,3,2008,6,1,1,
Y1994600,10,2,4,3,2008,7,1,1,
Y1994700,10,2,4,3,2008,8,1,1,
Y1994800,10,2,4,3,2008,9,1,1,
Y1994900,10,2,4,3,2008,10,1,1,
Y1993000,9,2,4,3,2008,1,1,1,
Y1993100,9,2,4,3,2008,2,1,1,
Y1993200,9,2,4,3,2008,3,1,1,
Y1993300,9,2,4,3,2008,4,1,1,
Y1993400,9,2,4,3,2008,5,1,1,
Y1993500,9,2,4,3,2008,6,1,1,
Y1993600,9,2,4,3,2008,7,1,1,
Y1993700,9,2,4,3,2008,8,1,1,
Y1993800,9,2,4,3,2008,9,1,1,
Y1993900,9,2,4,3,2008,10,1,1,
Y2311800,9,2,4,3,2010,1,1,1,
Y2311900,9,2,4,3,2010,2,1,1,
Y2312000,9,2,4,3,2010,3,1,1,
Y2312100,9,2,4,3,2010,4,1,1,
Y2312200,9,2,4,3,2010,5,1,1,
Y2312300,9,2,4,3,2010,6,1,1,
Y2312400,9,2,4,3,2010,7,1,1,
Y2312500,9,2,4,3,2010,8,1,1,
Y2312600,9,2,4,3,2010,9,1,1,
Y2312700,9,2,4,3,2010,10,1,1,
Y2312800,10,2,4,3,2010,1,1,1,
Y2312900,10,2,4,3,2010,2,1,1,
Y2313000,10,2,4,3,2010,3,1,1,
Y2313100,10,2,4,3,2010,4,1,1,
Y2313200,10,2,4,3,2010,5,1,1,
Y2313300,10,2,4,3,2010,6,1,1,
Y2313400,10,2,4,3,2010,7,1,1,
Y2313500,10,2,4,3,2010,8,1,1,
Y2313600,10,2,4,3,2010,9,1,1,
Y2313700,10,2,4,3,2010,10,1,1,
Y2644500,9,2,4,3,2012,1,1,1,
Y2644600,9,2,4,3,2012,2,1,1,
Y2644700,9,2,4,3,2012,3,1,1,
Y2644800,9,2,4,3,2012,4,1,1,
Y2644900,9,2,4,3,2012,5,1,1,
Y2645000,9,2,4,3,2012,6,1,1,
Y2645100,9,2,4,3,2012,7,1,1,
Y2645200,9,2,4,3,2012,8,1,1,
Y2645300,9,2,4,3,2012,9,1,1,
Y2645400,9,2,4,3,2012,10,1,1,
Y2645500,10,2,4,3,2012,1,1,1,
Y2645600,10,2,4,3,2012,2,1,1,
Y2645700,10,2,4,3,2012,3,1,1,
Y2645800,10,2,4,3,2012,4,1,1,
Y2645900,10,2,4,3,2012,5,1,1,
Y2646000,10,2,4,3,2012,6,1,1,
Y2646100,10,2,4,3,2012,7,1,1,
Y2646200,10,2,4,3,2012,8,1,1,
Y2646300,10,2,4,3,2012,9,1,1,
Y2646400,10,2,4,3,2012,10,1,1,
Y3001700,9,2,4,3,2014,1,0,0,
Y3001800,9,2,4,3,2014,2,0,0,
Y3001900,9,2,4,3,2014,3,0,0,
Y3002000,9,2,4,3,2014,4,0,0,
Y3002100,9,2,4,3,2014,5,0,0,
Y3002200,9,2,4,3,2014,6,0,0,
Y3002300,9,2,4,3,2014,7,0,0,
Y3002400,9,2,4,3,2014,8,0,0,
Y3002500,9,2,4,3,2014,9,0,0,
Y3002600,9,2,4,3,2014,10,0,0,
Y3002700,10,2,4,3,2014,1,0,0,
Y3002800,10,2,4,3,2014,2,0,0,
Y3002900,10,2,4,3,2014,3,0,0,
Y3003000,10,2,4,3,2014,4,0,0,
Y3003100,10,2,4,3,2014,5,0,0,
Y3003200,10,2,4,3,2014,6,0,0,
Y3003300,10,2,4,3,2014,7,0,0,
Y3003400,10,2,4,3,2014,8,0,0,
Y3003500,10,2,4,3,2014,9,0,0,
Y3003600,10,2,4,3,2014,10,0,0,
T0002000,5,1,10,1,2006,1,1,1,
T0002100,5,1,10,1,2006,2,1,1,
T0002200,5,1,10,1,2006,3,1,1,
T0002300,5,1,10,1,2006,4,1,1,
T0002400,5,1,10,1,2006,5,1,1,
T0002500,5,1,10,1,2006,6,1,1,
T0002600,5,1,10,1,2006,7,1,1,
T0002700,5,1,10,1,2006,8,1,1,
T0002800,5,1,10,1,2006,9,1,1,
T0002900,5,1,10,1,2006,10,1,1,
T0003000,5,1,10,1,2006,11,1,1,
T0003100,5,1,10,1,2006,12,1,1,
T0003200,5,1,10,1,2006,13,1,1,
T0003300,6,1,10,1,2006,1,1,1,
T0003400,6,1,10,1,2006,2,1,1,
T0003500,6,1,10,1,2006,3,1,1,
T0003600,6,1,10,1,2006,4,1,1,
T0003700,6,1,10,1,2006,5,1,1,
T0003800,6,1,10,1,2006,6,1,1,
T0003900,6,1,10,1,2006,7,1,1,
T0004000,6,1,10,1,2006,8,1,1,
T0004100,6,1,10,1,2006,9,1,1,
T0004200,6,1,10,1,2006,10,1,1,
T0004300,6,1,10,1,2006,11,1,1,
T0004400,6,1,10,1,2006,12,1,1,
T0004500,6,1,10,1,2006,13,1,1,
R0172500,21,1,3,1,1979,0,1,1,
R0172600,20,1,3,1,1979,0,1,1,
R0329200,21,1,3,1,1980,0,1,1,
R0329210,20,1,3,1,1980,0,1,1,
R0530700,21,1,3,1,1981,0,1,1,
R0530800,20,1,3,1,1981,0,1,1,
R0809900,21,1,3,1,1982,0,1,1,
R0810000,20,1,3,1,1982,0,1,1,
R1045700,21,1,3,1,1983,0,1,1,
R1045800,20,1,3,1,1983,0,1,1,
R1427500,21,1,3,1,1984,0,1,1,
R1427600,20,1,3,1,1984,0,1,1,
R1794600,21,1,3,1,1985,0,1,1,
R1794700,20,1,3,1,1985,0,1,1,
R2156200,21,1,3,1,1986,0,1,1,
R2156300,20,1,3,1,1986,0,1,1,
R2365700,21,1,3,1,1987,0,1,1,
R2365800,20,1,3,1,1987,0,1,1,
R2742500,21,1,3,1,1988,0,1,1,
R2742600,20,1,3,1,1988,0,1,1,
R2986100,21,1,3,1,1989,0,1,1,
R2986200,20,1,3,1,1989,0,1,1,
R3302500,21,1,3,1,1990,0,1,1,
R3302600,20,1,3,1,1990,0,1,1,
R3573400,21,1,3,1,1991,0,1,1,
R3573500,20,1,3,1,1991,0,1,1,
R3917600,21,1,3,1,1992,0,1,1,
R3917700,20,1,3,1,1992,0,1,1,
R4100200,21,1,3,1,1993,0,1,1,
R4100201,20,1,3,1,1993,0,1,1,
R4100202,22,1,3,1,1993,0,1,1,
R4500200,20,1,3,1,1994,0,1,1,
R4500201,21,1,3,1,1994,0,1,1,
R4500202,22,1,3,1,1994,0,1,1,
R5200200,20,1,3,1,1996,0,1,1,
R5200201,21,1,3,1,1996,0,1,1,
R5200202,22,1,3,1,1996,0,1,1,
R6435300,20,1,3,1,1998,0,1,1,
R6435301,21,1,3,1,1998,0,1,1,
R6435302,22,1,3,1,1998,0,1,1,
R6963300,20,1,3,1,2000,0,1,1,
R6963301,21,1,3,1,2000,0,1,1,
R6963302,22,1,3,1,2000,0,1,1,
R7656300,20,1,3,1,2002,0,1,1,
R7656301,21,1,3,1,2002,0,1,1,
R7656302,22,1,3,1,2002,0,1,1,
R7800500,20,1,3,1,2004,0,1,1,
R7800501,21,1,3,1,2004,0,1,1,
R7800502,22,1,3,1,2004,0,1,1,
T0000900,20,1,3,1,2006,0,1,1,
T0000901,21,1,3,1,2006,0,1,1,
T0000902,22,1,3,1,2006,0,1,1,
T1200700,20,1,3,1,2008,0,1,1,
T1200701,21,1,3,1,2008,0,1,1,
T1200702,22,1,3,1,2008,0,1,1,
T2260600,20,1,3,1,2010,0,1,1,CURRENT DATE (DAY)
T2260601,21,1,3,1,2010,0,1,1,
T2260602,22,1,3,1,2010,0,1,1,
T3195600,20,1,3,1,2012,0,1,1,
T3195601,21,1,3,1,2012,0,1,1,
T3195602 ,22,1,3,1,2012,0,1,1,
T4181100,20,1,3,1,2014,0,1,1,
T4181101,21,1,3,1,2014,0,1,1,
T4181102,22,1,3,1,2014,0,1,1,
C0402400,22,2,4,2,1986,0,1,1,
C0402500,21,2,4,2,1986,0,1,1,
C0402600,20,2,4,2,1986,0,1,1,
C0737000,22,2,4,2,1988,0,1,1,
C0737100,21,2,4,2,1988,0,1,1,
C0737200,20,2,4,2,1988,0,1,1,
C0948700,22,2,4,2,1990,0,1,1,
C0948800,21,2,4,2,1990,0,1,1,
C0948900,20,2,4,2,1990,0,1,1,
C1146600,22,2,4,2,1992,0,1,1,
C1146700,21,2,4,2,1992,0,1,1,
C1146800,20,2,4,2,1992,0,1,1,
C1230100,20,2,4,2,1994,0,1,1,
C1230200,21,2,4,2,1994,0,1,1,
C1230300,22,2,4,2,1994,0,1,1,
C1548100,20,2,4,2,1996,0,1,1,
C1548101,21,2,4,2,1996,0,1,1,
C1548102,22,2,4,2,1996,0,1,1,
C1989400,20,2,4,2,1998,0,1,1,
C1989401,21,2,4,2,1998,0,1,1,
C1989402,22,2,4,2,1998,0,1,1,
C2305100,20,2,4,2,2000,0,1,1,
C2305101,21,2,4,2,2000,0,1,1,
C2305102,22,2,4,2,2000,0,1,1,
C2544700,20,2,4,2,2002,0,1,1,
C2544701,21,2,4,2,2002,0,1,1,
C2544702,22,2,4,2,2002,0,1,1,
C2814500,20,2,4,2,2004,0,1,1,
C2814501,21,2,4,2,2004,0,1,1,
C2814502,22,2,4,2,2004,0,1,1,
C3123500,20,2,4,2,2006,0,1,1,
C3123501,21,2,4,2,2006,0,1,1,
C3123502,22,2,4,2,2006,0,1,1,
C3627700,20,2,4,2,2008,0,1,1,
C3627701,21,2,4,2,2008,0,1,1,
C3627702,22,2,4,2,2008,0,1,1,
C4006300,20,2,4,2,2010,0,1,1,
C4006301,21,2,4,2,2010,0,1,1,
C4006302,22,2,4,2,2010,0,1,1,
C5550100,20,2,4,2,2012,0,1,1,
C5550101,21,2,4,2,2012,0,1,1,
C5550102,22,2,4,2,2012,0,1,1,
Y0000200,20,2,4,3,1994,0,1,1,
Y0000201,21,2,4,3,1994,0,1,1,
Y0000202,22,2,4,3,1994,0,1,1,
Y0390100,20,2,4,3,1996,0,1,1,
Y0390101,21,2,4,3,1996,0,1,1,
Y0390102,22,2,4,3,1996,0,1,1,
Y0933700,20,2,4,3,1998,0,1,1,
Y0933701,21,2,4,3,1998,0,1,1,
Y0933702,22,2,4,3,1998,0,1,1,
Y1180500,20,2,4,3,2000,0,1,1,
Y1180501,21,2,4,3,2000,0,1,1,
Y1180502,22,2,4,3,2000,0,1,1,
Y1421100,20,2,4,3,2002,0,1,1,
Y1421101,21,2,4,3,2002,0,1,1,
Y1421102,22,2,4,3,2002,0,1,1,
Y1450200,20,2,4,3,2004,0,1,1,
Y1450201,21,2,4,3,2004,0,1,1,
Y1450202,22,2,4,3,2004,0,1,1,
Y1695600,20,2,4,3,2006,0,1,1,
Y1695601,21,2,4,3,2006,0,1,1,
Y1695602,22,2,4,3,2006,0,1,1,
Y1981600,20,2,4,3,2008,0,1,1,
Y1981601,21,2,4,3,2008,0,1,1,
Y1981602,22,2,4,3,2008,0,1,1,
Y2300400,20,2,4,3,2010,0,1,1,
Y2300401,21,2,4,3,2010,0,1,1,
Y2300402,22,2,4,3,2010,0,1,1,
Y2633100,20,2,4,3,2012,0,1,1,
Y2633101,21,2,4,3,2012,0,1,1,
Y2633102,22,2,4,3,2012,0,1,1,
Y2990500,20,2,4,3,2014,0,1,1,
Y2990501,21,2,4,3,2014,0,1,1,
Y2990502,22,2,4,3,2014,0,1,1,
C0008100,121,2,6,2,1984,0,1,1,
C0008200,122,2,6,2,1984,0,1,1,
C0008300,123,2,6,2,1984,0,1,1,
C0008600,121,2,6,2,1985,0,1,1,
C0008700,122,2,6,2,1985,0,1,1,
C0008800,123,2,6,2,1985,0,1,1,
C0009100,121,2,6,2,1986,0,1,1,
C0009200,122,2,6,2,1986,0,1,1,
C0009300,123,2,6,2,1986,0,1,1,
C0009600,121,2,6,2,1987,0,1,1,
C0009700,121,2,6,2,1988,0,1,1,
C0009800,122,2,6,2,1988,0,1,1,
C0009900,123,2,6,2,1988,0,1,1,
C0010110,121,2,6,2,1989,0,1,1,
C0010200,121,2,6,2,1990,0,1,1,
C0010300,122,2,6,2,1990,0,1,1,
C0010400,123,2,6,2,1990,0,1,1,
C0010700,121,2,6,2,1992,0,1,1,
C0010800,122,2,6,2,1992,0,1,1,
C0010900,123,2,6,2,1992,0,1,1,
C0011110,121,2,6,2,1993,0,1,1,
C0011111,122,2,6,2,1993,0,1,1,
C0011112,121,2,6,2,1994,0,1,1,
C0011113,122,2,6,2,1994,0,1,1,
C0011114,123,2,6,2,1994,0,1,1,
C0011117,121,2,6,2,1996,0,1,1,
C0011118,122,2,6,2,1996,0,1,1,
C0011119,123,2,6,2,1996,0,1,1,
C0011122,121,2,6,2,1998,0,1,1,
C0011123,122,2,6,2,1998,0,1,1,
C0011124,123,2,6,2,1998,0,1,1,
C0011127,121,2,6,2,2000,0,1,1,
C0011128,122,2,6,2,2000,0,1,1,
C0011129,123,2,6,2,2000,0,1,1,
C0011132,121,2,6,2,2002,0,1,1,
C0011133,122,2,6,2,2002,0,1,1,
C0011134,123,2,6,2,2002,0,1,1,
C0011137,121,2,6,2,2004,0,1,1,
C0011138,122,2,6,2,2004,0,1,1,
C0011139,123,2,6,2,2004,0,1,1,
C0011142,121,2,6,2,2006,0,1,1,
C0011143,122,2,6,2,2006,0,1,1,
C0011144,123,2,6,2,2006,0,1,1,
C3601700,121,2,6,2,2008,0,1,1,
C3601800,122,2,6,2,2008,0,1,1,
C3601900,123,2,6,2,2008,0,1,1,
C3981700,121,2,6,2,2010,0,1,1,
C3981800,122,2,6,2,2010,0,1,1,
C3981900,123,2,6,2,2010,0,1,1,
#,121,2,6,2,2012,0,1,1,
#,122,2,6,2,2012,0,1,1,
#,123,2,6,2,2012,0,1,1,
Y0003100,37,2,6,3,1994,0,0,1,
Y0392800,37,2,6,3,1996,0,0,1,
Y0682400,37,2,6,3,1998,0,0,1,
Y0986600,37,2,6,3,2000,0,0,1,
Y1226800,37,2,6,3,2002,0,0,1,
Y1456500,37,2,6,3,2004,0,0,1,
Y1701600,37,2,6,3,2006,0,0,1,
Y1987100,37,2,6,3,2008,0,0,1,
#,37,2,6,3,2010,0,0,1,
#,37,2,6,3,2012,0,0,1,
Y1629500,40,2,6,3,2004,0,1,1,
Y1883300,40,2,6,3,2006,0,1,1,
Y2197500,40,2,6,3,2008,0,1,1,
C3070500,40,2,6,2,2004,0,1,1,
C3423600,40,2,6,2,2006,0,1,1,
C3605900,40,2,6,2,2008,0,1,1,
#,40,2,6,2,2010,0,1,1,
#,40,2,6,2,2012,0,1,1,
R9900400,49,1,5,1,0,1,1,1,
R9901200,49,1,5,1,0,2,1,1,
R9902000,49,1,5,1,0,3,1,1,
R9902800,49,1,5,1,0,4,1,1,
R9903600,49,1,5,1,0,5,1,1,
R9904400,49,1,5,1,0,6,1,1,
R9905200,49,1,5,1,0,7,1,1,
R9906000,49,1,5,1,0,8,1,1,
R9906600,49,1,5,1,0,9,1,1,
R9907200,49,1,5,1,0,10,1,1,
R9907800,49,1,5,1,0,11,1,1,
R4825700,50,1,5,1,1994,1,1,1,
R4826500,50,1,5,1,1994,2,1,1,
R5495900,50,1,5,1,1996,1,1,1,
R5496700,50,1,5,1,1996,2,1,1,
R6210700,50,1,5,1,1998,1,1,1,
R6210800,50,1,5,1,1998,2,1,1,
R6210900,50,1,5,1,1998,3,1,1,
R6764000,50,1,5,1,2000,1,1,1,
R6764100,50,1,5,1,2000,2,1,1,
R6764200,50,1,5,1,2000,3,1,1,
R7408300,50,1,5,1,2002,1,1,1,
R7408400,50,1,5,1,2002,2,1,1,
R7408500,50,1,5,1,2002,3,1,1,
R8106400,50,1,5,1,2004,1,1,1,
R8106500,50,1,5,1,2004,2,1,1,
R8106600,50,1,5,1,2004,3,1,1,
T0337300,50,1,5,1,2006,1,1,1,
T0337400,50,1,5,1,2006,2,1,1,
T0337500,50,1,5,1,2006,3,1,1,
T1486900,50,1,5,1,2008,1,1,1,
T1487000,50,1,5,1,2008,2,1,1,
T1487100,50,1,5,1,2008,3,1,1,
#,50,1,5,1,2010,1,1,1,
#,50,1,5,1,2010,2,1,1,
#,50,1,5,1,2010,3,1,1,
#,50,1,5,1,2012,1,1,1,
#,50,1,5,1,2012,2,1,1,
#,50,1,5,1,2012,3,1,1,
R4826000,52,1,5,1,1994,1,1,1,
R4826300,53,1,5,1,1994,1,1,1,
R4826800,52,1,5,1,1994,2,1,1,
R5496200,52,1,5,1,1996,1,1,1,
R5496500,53,1,5,1,1996,1,1,1,
R5497000,52,1,5,1,1996,2,1,1,
R5497200,53,1,5,1,1996,2,1,1,
R6211500,52,1,5,1,1998,1,1,1,
R6211600,52,1,5,1,1998,2,1,1,
R6211700,52,1,5,1,1998,3,1,1,
R6212200,53,1,5,1,1998,1,1,1,
R6212300,53,1,5,1,1998,2,1,1,
R6764900,52,1,5,1,2000,1,1,1,
R6765000,52,1,5,1,2000,2,1,1,
R6765100,52,1,5,1,2000,3,1,1,
R6765600,53,1,5,1,2000,1,1,1,
R6765700,53,1,5,1,2000,2,1,1,
R6765800,53,1,5,1,2000,3,1,1,
R7409200,52,1,5,1,2002,1,1,1,
R7409300,52,1,5,1,2002,2,1,1,
R7409400,52,1,5,1,2002,3,1,1,
R7409900,53,1,5,1,2002,1,1,1,
R7410000,53,1,5,1,2002,2,1,1,
R7410100,53,1,5,1,2002,3,1,1,
R8106700,52,1,5,1,2004,1,1,1,
R8106800,52,1,5,1,2004,2,1,1,
R8106900,52,1,5,1,2004,3,1,1,
R8107200,53,1,5,1,2004,1,1,1,
T0337600,52,1,5,1,2006,1,1,1,
T0337700,52,1,5,1,2006,2,1,1,
T0337800,52,1,5,1,2006,3,1,1,
T0338200,53,1,5,1,2006,1,1,1,
T0338300,53,1,5,1,2006,2,1,1,
T0338400,53,1,5,1,2006,3,1,1,
T1487200,52,1,5,1,2008,1,1,1,
T1487300,52,1,5,1,2008,2,1,1,
T1487400,52,1,5,1,2008,3,1,1,
T1487600,53,1,5,1,2008,1,1,1,
T1487700,53,1,5,1,2008,2,1,1,
T1487800,53,1,5,1,2008,3,1,1,
#,52,1,5,1,2010,1,1,1,
#,52,1,5,1,2010,2,1,1,
#,52,1,5,1,2010,3,1,1,
#,53,1,5,1,2010,1,1,1,
#,53,1,5,1,2010,2,1,1,
#,53,1,5,1,2010,3,1,1,
#,52,1,5,1,2012,1,1,1,
#,52,1,5,1,2012,2,1,1,
#,52,1,5,1,2012,3,1,1,
#,53,1,5,1,2012,1,1,1,
#,53,1,5,1,2012,2,1,1,
#,53,1,5,1,2012,3,1,1,
R4826100,54,1,5,1,1994,1,1,1,
R5496300,54,1,5,1,1996,1,1,1,
R6211800,54,1,5,1,1998,1,1,1,
R6211900,54,1,5,1,1998,2,1,1,
R6765200,54,1,5,1,2000,1,1,1,
R7409500,54,1,5,1,2002,1,1,1,
R8107000,54,1,5,1,2004,1,1,1,
R8107100,54,1,5,1,2004,2,1,1,
T0337900,54,1,5,1,2006,1,1,1,
T0338000,54,1,5,1,2006,2,1,1,
T0338100,54,1,5,1,2006,3,1,1,
T0338500,55,1,5,1,2006,1,1,1,
T0338600,55,1,5,1,2006,2,1,1,
T1487500,54,1,5,1,2008,1,1,1,
#,,,,,,,,,
#,,,,,,,,,
#,,,,,,,,,
#,,,,,,,,,
#,,,,,,,,,
#,,,,,,,,,
#,,,,,,,,,
#,,,,,,,,,
R8135300,90,1,7,1,2004,1,1,1,
R8135400,90,1,7,1,2004,2,1,1,
R8135500,90,1,7,1,2004,3,1,1,
R8135600,90,1,7,1,2004,4,1,1,
R8135700,90,1,7,1,2004,5,1,1,
R8135800,90,1,7,1,2004,6,1,1,
R8135900,90,1,7,1,2004,7,1,1,
T0597800,90,1,7,1,2006,1,1,1,
T0597900,90,1,7,1,2006,2,1,1,
T0598000,90,1,7,1,2006,3,1,1,
T0598100,90,1,7,1,2006,4,1,1,
T0598200,90,1,7,1,2006,5,1,1,
T0598300,90,1,7,1,2006,6,1,1,
T0598400,90,1,7,1,2006,7,1,1,
T1765100,90,1,7,1,2008,1,1,1,
T1765200,90,1,7,1,2008,2,1,1,
T1765300,90,1,7,1,2008,3,1,1,
T1765400,90,1,7,1,2008,4,1,1,
T1765500,90,1,7,1,2008,5,1,1,
T1765600,90,1,7,1,2008,6,1,1,
T1765700,90,1,7,1,2008,8,1,1,Child7 skipped
T2763400,90,1,7,1,2010,1,1,1,
T2763500,90,1,7,1,2010,2,1,1,
T2763600,90,1,7,1,2010,3,1,1,
T2763700,90,1,7,1,2010,4,1,1,
T2763800,90,1,7,1,2010,5,1,1,
T2763900,90,1,7,1,2010,6,1,1,
T2764000,90,1,7,1,2010,9,1,1,Child 7 & 8 skipped
T3729600,90,1,7,1,2012,1,1,1,
T3729700,90,1,7,1,2012,2,1,1,
T3729800,90,1,7,1,2012,3,1,1,
T3729900,90,1,7,1,2012,4,1,1,
T3730000,90,1,7,1,2012,5,1,1,
T3730100,90,1,7,1,2012,6,1,1,
R1373300,81,1,7,1,1984,1,1,1,
R1373400,82,1,7,1,1984,1,1,1,
R1373500,89,1,7,1,1984,1,1,1,
R1374000,81,1,7,1,1984,2,1,1,
R1374100,82,1,7,1,1984,2,1,1,
R1374200,89,1,7,1,1984,2,1,1,
R1374700,81,1,7,1,1984,3,1,1,
R1374800,82,1,7,1,1984,3,1,1,
R1374900,89,1,7,1,1984,3,1,1,
R1375400,81,1,7,1,1984,4,1,1,
R1375500,82,1,7,1,1984,4,1,1,
R1375600,89,1,7,1,1984,4,1,1,
R1376100,81,1,7,1,1984,5,1,1,
R1376200,82,1,7,1,1984,5,1,1,
R1376300,89,1,7,1,1984,5,1,1,
R1376800,81,1,7,1,1984,6,1,1,
R1376900,82,1,7,1,1984,6,1,1,
R1377000,89,1,7,1,1984,6,1,1,
R1377500,81,1,7,1,1984,7,1,1,
R1377600,82,1,7,1,1984,7,1,1,
R1377700,89,1,7,1,1984,7,1,1,
R1753700,81,1,7,1,1985,1,1,1,
R1753800,82,1,7,1,1985,1,1,1,
R1753900,89,1,7,1,1985,1,1,1,
R1754400,81,1,7,1,1985,2,1,1,
R1754500,82,1,7,1,1985,2,1,1,
R1754600,89,1,7,1,1985,2,1,1,
R1755100,81,1,7,1,1985,3,1,1,
R1755200,82,1,7,1,1985,3,1,1,
R1755300,89,1,7,1,1985,3,1,1,
R1755800,81,1,7,1,1985,4,1,1,
R1755900,82,1,7,1,1985,4,1,1,
R1756000,89,1,7,1,1985,4,1,1,
R1756500,81,1,7,1,1985,5,1,1,
R1756600,82,1,7,1,1985,5,1,1,
R1756700,89,1,7,1,1985,5,1,1,
R1757200,81,1,7,1,1985,6,1,1,
R1757300,82,1,7,1,1985,6,1,1,
R1757400,89,1,7,1,1985,6,1,1,
R1757900,81,1,7,1,1985,7,1,1,
R1758000,82,1,7,1,1985,7,1,1,
R1758100,89,1,7,1,1985,7,1,1,
R2095700,81,1,7,1,1986,1,1,1,
R2095800,82,1,7,1,1986,1,1,1,
R2095900,89,1,7,1,1986,1,1,1,
R2096400,81,1,7,1,1986,2,1,1,
R2096500,82,1,7,1,1986,2,1,1,
R2096600,89,1,7,1,1986,2,1,1,
R2097100,81,1,7,1,1986,3,1,1,
R2097200,82,1,7,1,1986,3,1,1,
R2097300,89,1,7,1,1986,3,1,1,
R2097800,81,1,7,1,1986,4,1,1,
R2097900,82,1,7,1,1986,4,1,1,
R2098000,89,1,7,1,1986,4,1,1,
R2098500,81,1,7,1,1986,5,1,1,
R2098600,82,1,7,1,1986,5,1,1,
R2098700,89,1,7,1,1986,5,1,1,
R2099200,81,1,7,1,1986,6,1,1,
R2099300,82,1,7,1,1986,6,1,1,
R2099400,89,1,7,1,1986,6,1,1,
R2099900,81,1,7,1,1986,7,1,1,
R2100000,82,1,7,1,1986,7,1,1,
R2100100,89,1,7,1,1986,7,1,1,
R2648000,81,1,7,1,1988,1,1,1,
R2648100,82,1,7,1,1988,1,1,1,
R2648200,89,1,7,1,1988,1,1,1,
R2648700,81,1,7,1,1988,2,1,1,
R2648800,82,1,7,1,1988,2,1,1,
R2648900,89,1,7,1,1988,2,1,1,
R2649400,81,1,7,1,1988,3,1,1,
R2649500,82,1,7,1,1988,3,1,1,
R2649600,89,1,7,1,1988,3,1,1,
R2650100,81,1,7,1,1988,4,1,1,
R2650200,82,1,7,1,1988,4,1,1,
R2650300,89,1,7,1,1988,4,1,1,
R2650800,81,1,7,1,1988,5,1,1,
R2650900,82,1,7,1,1988,5,1,1,
R2651000,89,1,7,1,1988,5,1,1,
R2651500,81,1,7,1,1988,6,1,1,
R2651600,82,1,7,1,1988,6,1,1,
R2651700,89,1,7,1,1988,6,1,1,
R2652200,81,1,7,1,1988,7,1,1,
R2652300,82,1,7,1,1988,7,1,1,
R2652400,89,1,7,1,1988,7,1,1,
R3255900,81,1,7,1,1990,1,1,1,
R3256000,82,1,7,1,1990,1,1,1,
R3256100,89,1,7,1,1990,1,1,1,
R3257700,81,1,7,1,1990,2,1,1,
R3257800,82,1,7,1,1990,2,1,1,
R3257900,89,1,7,1,1990,2,1,1,
R3259500,81,1,7,1,1990,3,1,1,
R3259600,82,1,7,1,1990,3,1,1,
R3259700,89,1,7,1,1990,3,1,1,
R3261300,81,1,7,1,1990,4,1,1,
R3261400,82,1,7,1,1990,4,1,1,
R3261500,89,1,7,1,1990,4,1,1,
R3263100,81,1,7,1,1990,5,1,1,
R3263200,82,1,7,1,1990,5,1,1,
R3263300,89,1,7,1,1990,5,1,1,
R3264900,81,1,7,1,1990,6,1,1,
R3265000,82,1,7,1,1990,6,1,1,
R3265100,89,1,7,1,1990,6,1,1,
R3266700,81,1,7,1,1990,7,1,1,
R3266800,82,1,7,1,1990,7,1,1,
R3266900,89,1,7,1,1990,7,1,1,
R3268500,81,1,7,1,1990,8,1,1,Alive & Distance weren't asked for 8th
R3772200,86,1,7,1,1992,1,1,1,
R3772300,87,1,7,1,1992,1,1,1,
R3774300,86,1,7,1,1992,2,1,1,
R3774400,87,1,7,1,1992,2,1,1,
R3776400,86,1,7,1,1992,3,1,1,
R3776500,87,1,7,1,1992,3,1,1,
R3778500,86,1,7,1,1992,4,1,1,
R3778600,87,1,7,1,1992,4,1,1,
R3780600,86,1,7,1,1992,5,1,1,
R3780700,87,1,7,1,1992,5,1,1,
R4277200,86,1,7,1,1993,1,1,1,
R4277201,87,1,7,1,1993,1,1,1,
R4278100,86,1,7,1,1993,2,1,1,
R4278101,87,1,7,1,1993,2,1,1,
R4279000,86,1,7,1,1993,3,1,1,
R4279001,87,1,7,1,1993,3,1,1,
R4279900,86,1,7,1,1993,4,1,1,
R4279901,87,1,7,1,1993,4,1,1,
R4280800,86,1,7,1,1993,5,1,1,
R4280801,87,1,7,1,1993,5,1,1,Last of the 2 digit years
R4828000,86,1,7,1,1994,1,1,1,
R4828001,88,1,7,1,1994,1,1,1,First of the 4 digit years
R4831000,86,1,7,1,1994,2,1,1,
R4831001,88,1,7,1,1994,2,1,1,
R4834000,86,1,7,1,1994,3,1,1,
R4834001,88,1,7,1,1994,3,1,1,
R4837000,86,1,7,1,1994,4,1,1,
R4837001,88,1,7,1,1994,4,1,1,
R4840000,86,1,7,1,1994,5,1,1,
R4840001,88,1,7,1,1994,5,1,1,
R5498400,86,1,7,1,1996,1,1,1,
R5498401,88,1,7,1,1996,1,1,1,
R5501400,86,1,7,1,1996,2,1,1,
R5501401,88,1,7,1,1996,2,1,1,
R5504400,86,1,7,1,1996,3,1,1,
R5504401,88,1,7,1,1996,3,1,1,
R5507400,86,1,7,1,1996,4,1,1,
R5507401,88,1,7,1,1996,4,1,1,
R5510400,86,1,7,1,1996,5,1,1,
R5510401,88,1,7,1,1996,5,1,1,
R6222800,86,1,7,1,1998,1,1,1,
R6222801,88,1,7,1,1998,1,1,1,
R6222900,86,1,7,1,1998,2,1,1,
R6222901,88,1,7,1,1998,2,1,1,
R6223000,86,1,7,1,1998,3,1,1,
R6223001,88,1,7,1,1998,3,1,1,
R6223100,86,1,7,1,1998,4,1,1,
R6223101,88,1,7,1,1998,4,1,1,
R6223200,86,1,7,1,1998,5,1,1,
R6223201,88,1,7,1,1998,5,1,1,
R6223300,86,1,7,1,1998,6,1,1,
R6223301,88,1,7,1,1998,6,1,1,
R6776300,86,1,7,1,2000,1,1,1,
R6776301,88,1,7,1,2000,1,1,1,
R6776400,86,1,7,1,2000,2,1,1,
R6776401,88,1,7,1,2000,2,1,1,
R6776500,86,1,7,1,2000,3,1,1,
R6776501,88,1,7,1,2000,3,1,1,
R6776600,86,1,7,1,2000,4,1,1,
R6776601,88,1,7,1,2000,4,1,1,
R6776700,86,1,7,1,2000,5,1,1,
R6776701,88,1,7,1,2000,5,1,1,
R6776800,86,1,7,1,2000,6,1,1,
R6776801,88,1,7,1,2000,6,1,1,
R7420700,86,1,7,1,2002,1,1,1,
R7420701,88,1,7,1,2002,1,1,1,
R7420800,86,1,7,1,2002,2,1,1,
R7420801,88,1,7,1,2002,2,1,1,
R7420900,86,1,7,1,2002,3,1,1,
R7420901,88,1,7,1,2002,3,1,1,
R7421000,86,1,7,1,2002,4,1,1,
R7421001,88,1,7,1,2002,4,1,1,
R7421100,86,1,7,1,2002,5,1,1,
R7421101,88,1,7,1,2002,5,1,1,
R7421200,86,1,7,1,2002,6,1,1,
R7421201,88,1,7,1,2002,6,1,1,
R7421300,86,1,7,1,2002,7,1,1,
R7421301,88,1,7,1,2002,7,1,1,
R8119000,86,1,7,1,2004,1,1,1,
R8119001,88,1,7,1,2004,1,1,1,
R8119100,86,1,7,1,2004,2,1,1,
R8119101,88,1,7,1,2004,2,1,1,
R8119200,86,1,7,1,2004,3,1,1,
R8119201,88,1,7,1,2004,3,1,1,
R8119300,86,1,7,1,2004,4,1,1,
R8119301,88,1,7,1,2004,4,1,1,
R8119400,86,1,7,1,2004,5,1,1,
R8119401,88,1,7,1,2004,5,1,1,
R8119500,86,1,7,1,2004,7,1,1,Skipped Child 6
R8119501,88,1,7,1,2004,7,1,1,
T0351100,86,1,7,1,2006,1,1,1,
T0351101,88,1,7,1,2006,1,1,1,
T0351200,86,1,7,1,2006,2,1,1,
T0351201,88,1,7,1,2006,2,1,1,
T0351300,86,1,7,1,2006,3,1,1,
T0351301,88,1,7,1,2006,3,1,1,
T0351400,86,1,7,1,2006,4,1,1,
T0351401,88,1,7,1,2006,4,1,1,
T0351500,86,1,7,1,2006,5,1,1,
T0351501,88,1,7,1,2006,5,1,1,
T0351600,86,1,7,1,2006,6,1,1,
T0351601,88,1,7,1,2006,6,1,1,
T0351700,86,1,7,1,2006,7,1,1,
T0351701,88,1,7,1,2006,7,1,1,
T0351800,86,1,7,1,2006,8,1,1,
T0351801,88,1,7,1,2006,8,1,1,
T1500500,86,1,7,1,2008,1,1,1,
T1500501,88,1,7,1,2008,1,1,1,
T1500600,86,1,7,1,2008,2,1,1,
T1500601,88,1,7,1,2008,2,1,1,
T1500700,86,1,7,1,2008,3,1,1,
T1500701,88,1,7,1,2008,3,1,1,
T1500800,86,1,7,1,2008,4,1,1,
T1500801,88,1,7,1,2008,4,1,1,
T1500900,86,1,7,1,2008,5,1,1,
T1500901,88,1,7,1,2008,5,1,1,
T1501000,86,1,7,1,2008,6,1,1,
T1501001,88,1,7,1,2008,6,1,1,
#,,,,,,,,,
#,,,,,,,,,
#,,,,,,,,,
#,,,,,,,,,
#,,,,,,,,,
R3772400,89,1,7,1,1992,1,1,1,
R3774500,89,1,7,1,1992,2,1,1,
R3776600,89,1,7,1,1992,3,1,1,
R3778700,89,1,7,1,1992,4,1,1,
R3780800,89,1,7,1,1992,5,1,1,
R3782900,89,1,7,1,1992,6,1,1,
R3785000,89,1,7,1,1992,7,1,1,
R4828100,89,1,7,1,1994,1,1,1,
R4831100,89,1,7,1,1994,2,1,1,
R4834100,89,1,7,1,1994,3,1,1,
R4837100,89,1,7,1,1994,4,1,1,
R4840100,89,1,7,1,1994,5,1,1,
R4842900,89,1,7,1,1994,6,1,1,
R4845200,89,1,7,1,1994,7,1,1,
R4847400,89,1,7,1,1994,8,1,1,
R5498500,89,1,7,1,1996,1,1,1,
R5501500,89,1,7,1,1996,2,1,1,
R5504500,89,1,7,1,1996,3,1,1,
R5507500,89,1,7,1,1996,4,1,1,
R5510500,89,1,7,1,1996,5,1,1,
R5513400,89,1,7,1,1996,6,1,1,
R5515700,89,1,7,1,1996,7,1,1,
R5517900,89,1,7,1,1996,8,1,1,
R5520200,89,1,7,1,1996,9,1,1,
R6223400,89,1,7,1,1998,1,1,1,
R6223500,89,1,7,1,1998,2,1,1,
R6223600,89,1,7,1,1998,3,1,1,
R6223700,89,1,7,1,1998,4,1,1,
R6223800,89,1,7,1,1998,5,1,1,
R6223900,89,1,7,1,1998,6,1,1,
R6224000,89,1,7,1,1998,7,1,1,
R6224100,89,1,7,1,1998,8,1,1,
R6224200,89,1,7,1,1998,9,1,1,
R6224300,89,1,7,1,1998,10,1,1,
R6776900,89,1,7,1,2000,1,1,1,
R6777000,89,1,7,1,2000,2,1,1,
R6777100,89,1,7,1,2000,3,1,1,
R6777200,89,1,7,1,2000,4,1,1,
R6777300,89,1,7,1,2000,5,1,1,
R6777400,89,1,7,1,2000,6,1,1,
R6777500,89,1,7,1,2000,7,1,1,
R6777600,89,1,7,1,2000,8,1,1,
R6777700,89,1,7,1,2000,9,1,1,
R6777800,89,1,7,1,2000,10,1,1,
R7421400,89,1,7,1,2002,1,1,1,
R7421500,89,1,7,1,2002,2,1,1,
R7421600,89,1,7,1,2002,3,1,1,
R7421700,89,1,7,1,2002,4,1,1,
R7421800,89,1,7,1,2002,5,1,1,
R7421900,89,1,7,1,2002,6,1,1,
R7422000,89,1,7,1,2002,7,1,1,
R7422100,89,1,7,1,2002,8,1,1,
R7422200,89,1,7,1,2002,9,1,1,
R7422300,89,1,7,1,2002,10,1,1,
R8119600,89,1,7,1,2004,1,1,1,
R8119700,89,1,7,1,2004,2,1,1,
R8119800,89,1,7,1,2004,3,1,1,
R8119900,89,1,7,1,2004,4,1,1,
R8120000,89,1,7,1,2004,5,1,1,
R8120100,89,1,7,1,2004,6,1,1,
R8120200,89,1,7,1,2004,7,1,1,
R8120300,89,1,7,1,2004,8,1,1,
R8120400,89,1,7,1,2004,9,1,1,
R8120500,89,1,7,1,2004,10,1,1,
T0351900,89,1,7,1,2006,1,1,1,
T0352000,89,1,7,1,2006,2,1,1,
T0352100,89,1,7,1,2006,3,1,1,
T0352200,89,1,7,1,2006,4,1,1,
T0352300,89,1,7,1,2006,5,1,1,
T0352400,89,1,7,1,2006,6,1,1,
T0352500,89,1,7,1,2006,7,1,1,
T0352600,89,1,7,1,2006,8,1,1,
T0352700,89,1,7,1,2006,9,1,1,
T0352800,89,1,7,1,2006,10,1,1,
T0352900,89,1,7,1,2006,11,1,1,
T1501100,89,1,7,1,2008,1,1,1,
T1501200,89,1,7,1,2008,2,1,1,
T1501300,89,1,7,1,2008,3,1,1,
T1501400,89,1,7,1,2008,4,1,1,
T1501500,89,1,7,1,2008,5,1,1,
T1501600,89,1,7,1,2008,6,1,1,
T1501700,89,1,7,1,2008,7,1,1,
T1501800,89,1,7,1,2008,8,1,1,
T1501900,89,1,7,1,2008,9,1,1,
T1502000,89,1,7,1,2008,10,1,1,
T1502100,89,1,7,1,2008,11,1,1,
#,,,,,,,,,
#,,,,,,,,,
#,,,,,,,,,
#,,,,,,,,,
#,,,,,,,,,
#,,,,,,,,,
#,,,,,,,,,
#,,,,,,,,,
R3771900,82,1,7,1,1992,1,1,1,
R3774000,82,1,7,1,1992,2,1,1,
R3776100,82,1,7,1,1992,3,1,1,
R3778200,82,1,7,1,1992,4,1,1,
R3780300,82,1,7,1,1992,5,1,1,
R3782400,82,1,7,1,1992,6,1,1,
R3784500,82,1,7,1,1992,7,1,1,
R4276900,82,1,7,1,1993,1,1,1,
R4277800,82,1,7,1,1993,2,1,1,
R4278700,82,1,7,1,1993,3,1,1,
R4279600,82,1,7,1,1993,4,1,1,
R4280500,82,1,7,1,1993,5,1,1,
R4281400,82,1,7,1,1993,6,1,1,
R4282200,82,1,7,1,1993,7,1,1,
R4827700,82,1,7,1,1994,1,1,1,
R4830700,82,1,7,1,1994,2,1,1,
R4833700,82,1,7,1,1994,3,1,1,
R4836700,82,1,7,1,1994,4,1,1,
R4839700,82,1,7,1,1994,5,1,1,
R4842600,82,1,7,1,1994,6,1,1,
R4844900,82,1,7,1,1994,7,1,1,
R4847200,82,1,7,1,1994,8,1,1,
R5498100,82,1,7,1,1996,1,1,1,
R5501100,82,1,7,1,1996,2,1,1,
R5504100,82,1,7,1,1996,3,1,1,
R5507100,82,1,7,1,1996,4,1,1,
R5510100,82,1,7,1,1996,5,1,1,
R5513100,82,1,7,1,1996,6,1,1,
R5515400,82,1,7,1,1996,7,1,1,
R5517700,82,1,7,1,1996,8,1,1,
R5519900,82,1,7,1,1996,9,1,1,
R6219500,82,1,7,1,1998,1,1,1,
R6219600,82,1,7,1,1998,2,1,1,
R6219700,82,1,7,1,1998,3,1,1,
R6219800,82,1,7,1,1998,4,1,1,
R6219900,82,1,7,1,1998,5,1,1,
R6220000,82,1,7,1,1998,6,1,1,
R6220100,82,1,7,1,1998,7,1,1,
R6220200,82,1,7,1,1998,8,1,1,
R6220300,82,1,7,1,1998,9,1,1,
R6220400,82,1,7,1,1998,10,1,1,
R6773500,82,1,7,1,2000,1,1,1,
R6773600,82,1,7,1,2000,2,1,1,
R6773700,82,1,7,1,2000,3,1,1,
R6773800,82,1,7,1,2000,4,1,1,
R6773900,82,1,7,1,2000,5,1,1,
R6774000,82,1,7,1,2000,6,1,1,
R6774100,82,1,7,1,2000,7,1,1,
R6774200,82,1,7,1,2000,8,1,1,
R6774300,82,1,7,1,2000,9,1,1,
R6774400,82,1,7,1,2000,10,1,1,
R7417900,82,1,7,1,2002,1,1,1,
R7418000,82,1,7,1,2002,2,1,1,
R7418100,82,1,7,1,2002,3,1,1,
R7418200,82,1,7,1,2002,4,1,1,
R7418300,82,1,7,1,2002,5,1,1,
R7418400,82,1,7,1,2002,6,1,1,
R7418500,82,1,7,1,2002,7,1,1,
R7418600,82,1,7,1,2002,8,1,1,
R7418700,82,1,7,1,2002,9,1,1,
R7418800,82,1,7,1,2002,10,1,1,
R8116000,82,1,7,1,2004,1,1,1,
R8116100,82,1,7,1,2004,2,1,1,
R8116200,82,1,7,1,2004,3,1,1,
R8116300,82,1,7,1,2004,4,1,1,
R8116400,82,1,7,1,2004,5,1,1,
R8116500,82,1,7,1,2004,6,1,1,
R8116600,82,1,7,1,2004,7,1,1,
R8116700,82,1,7,1,2004,8,1,1,
R8116800,82,1,7,1,2004,9,1,1,
R8116900,82,1,7,1,2004,10,1,1,
T0347900,82,1,7,1,2006,1,1,1,
T0348000,82,1,7,1,2006,2,1,1,
T0348100,82,1,7,1,2006,3,1,1,
T0348200,82,1,7,1,2006,4,1,1,
T0348300,82,1,7,1,2006,5,1,1,
T0348400,82,1,7,1,2006,6,1,1,
T0348500,82,1,7,1,2006,7,1,1,
T0348600,82,1,7,1,2006,8,1,1,
T0348700,82,1,7,1,2006,9,1,1,
T0348800,82,1,7,1,2006,10,1,1,
T1497300,82,1,7,1,2008,1,1,1,
T1497400,82,1,7,1,2008,2,1,1,
T1497500,82,1,7,1,2008,3,1,1,
T1497600,82,1,7,1,2008,4,1,1,
T1497700,82,1,7,1,2008,5,1,1,
T1497800,82,1,7,1,2008,6,1,1,
T1497900,82,1,7,1,2008,7,1,1,
T1498000,82,1,7,1,2008,8,1,1,
T1498100,82,1,7,1,2008,9,1,1,
T1498200,82,1,7,1,2008,10,1,1,
#,,,,,,,,,
#,,,,,,,,,
#,,,,,,,,,
#,,,,,,,,,
#,,,,,,,,,
#,,,,,,,,,
#,,,,,,,,,
#,,,,,,,,,
#,,,,,,,,,
R3771800,81,1,7,1,1992,1,1,1,
R3773900,81,1,7,1,1992,2,1,1,
R3776000,81,1,7,1,1992,3,1,1,
R3778100,81,1,7,1,1992,4,1,1,
R3780200,81,1,7,1,1992,5,1,1,
R3782300,81,1,7,1,1992,6,1,1,
R3784400,81,1,7,1,1992,7,1,1,
R3786500,81,1,7,1,1992,8,1,1,
R3788004,81,1,7,1,1992,9,1,1,note  the '04' suffix in the variable code
R4276800,81,1,7,1,1993,1,1,1,
R4277700,81,1,7,1,1993,2,1,1,
R4278600,81,1,7,1,1993,3,1,1,
R4279500,81,1,7,1,1993,4,1,1,
R4280400,81,1,7,1,1993,5,1,1,
R4281300,81,1,7,1,1993,6,1,1,
R4282100,81,1,7,1,1993,7,1,1,
R4282900,81,1,7,1,1993,8,1,1,
R4283600,81,1,7,1,1993,9,1,1,
R4827600,81,1,7,1,1994,1,1,1,
R4830600,81,1,7,1,1994,2,1,1,
R4833600,81,1,7,1,1994,3,1,1,
R4836600,81,1,7,1,1994,4,1,1,
R4839600,81,1,7,1,1994,5,1,1,
R4842500,81,1,7,1,1994,6,1,1,
R4844800,81,1,7,1,1994,7,1,1,
R4847100,81,1,7,1,1994,8,1,1,no 9th
R5498000,81,1,7,1,1996,1,1,1,
R5501000,81,1,7,1,1996,2,1,1,
R5504000,81,1,7,1,1996,3,1,1,
R5507000,81,1,7,1,1996,4,1,1,
R5510000,81,1,7,1,1996,5,1,1,
R5513000,81,1,7,1,1996,6,1,1,
R5515300,81,1,7,1,1996,7,1,1,
R5517600,81,1,7,1,1996,8,1,1,
R5519800,81,1,7,1,1996,9,1,1,
R6218400,81,1,7,1,1998,1,1,1,
R6218500,81,1,7,1,1998,2,1,1,
R6218600,81,1,7,1,1998,3,1,1,
R6218700,81,1,7,1,1998,4,1,1,
R6218800,81,1,7,1,1998,5,1,1,
R6218900,81,1,7,1,1998,6,1,1,
R6219000,81,1,7,1,1998,7,1,1,
R6219100,81,1,7,1,1998,8,1,1,
R6219200,81,1,7,1,1998,9,1,1,
R6219300,81,1,7,1,1998,10,1,1,
R6771600,81,1,7,1,2000,1,1,1,
R6771700,81,1,7,1,2000,2,1,1,
R6771800,81,1,7,1,2000,3,1,1,
R6771900,81,1,7,1,2000,4,1,1,
R6772000,81,1,7,1,2000,5,1,1,
R6772100,81,1,7,1,2000,6,1,1,
R6772200,81,1,7,1,2000,7,1,1,
R6772300,81,1,7,1,2000,8,1,1,
R6772400,81,1,7,1,2000,9,1,1,
R6772500,81,1,7,1,2000,10,1,1,
R7415900,81,1,7,1,2002,1,1,1,
R7416000,81,1,7,1,2002,2,1,1,
R7416100,81,1,7,1,2002,3,1,1,
R7416200,81,1,7,1,2002,4,1,1,
R7416300,81,1,7,1,2002,5,1,1,
R7416400,81,1,7,1,2002,6,1,1,
R7416500,81,1,7,1,2002,7,1,1,
R7416600,81,1,7,1,2002,8,1,1,
R7416700,81,1,7,1,2002,9,1,1,
R7416800,81,1,7,1,2002,10,1,1,
R8114000,81,1,7,1,2004,1,1,1,
R8114100,81,1,7,1,2004,2,1,1,
R8114200,81,1,7,1,2004,3,1,1,
R8114300,81,1,7,1,2004,4,1,1,
R8114400,81,1,7,1,2004,5,1,1,
R8114500,81,1,7,1,2004,6,1,1,
R8114600,81,1,7,1,2004,7,1,1,
R8114700,81,1,7,1,2004,8,1,1,
R8114800,81,1,7,1,2004,9,1,1,
R8114900,81,1,7,1,2004,10,1,1,
T0345800,81,1,7,1,2006,1,1,1,
T0345900,81,1,7,1,2006,2,1,1,
T0346000,81,1,7,1,2006,3,1,1,
T0346100,81,1,7,1,2006,4,1,1,
T0346200,81,1,7,1,2006,5,1,1,
T0346300,81,1,7,1,2006,6,1,1,
T0346400,81,1,7,1,2006,7,1,1,
T0346500,81,1,7,1,2006,8,1,1,
T0346600,81,1,7,1,2006,9,1,1,
T0346700,81,1,7,1,2006,10,1,1,
T1495300,81,1,7,1,2008,2,1,1,
T1495400,81,1,7,1,2008,3,1,1,
T1495500,81,1,7,1,2008,4,1,1,
T1495600,81,1,7,1,2008,5,1,1,
T1495700,81,1,7,1,2008,6,1,1,
T1495800,81,1,7,1,2008,7,1,1,
T1495900,81,1,7,1,2008,8,1,1,
T1496000,81,1,7,1,2008,9,1,1,
T1496100,81,1,7,1,2008,10,1,1,
T1496200,81,1,7,1,2008,11,1,1,
#,,,,,,,,,
#,,,,,,,,,
#,,,,,,,,,
#,,,,,,,,,
#,,,,,,,,,
#,,,,,,,,,
#,,,,,,,,,
R6220600,83,1,7,1,1998,1,1,1,
R6220700,83,1,7,1,1998,2,1,1,
R6220800,83,1,7,1,1998,3,1,1,
R6220900,83,1,7,1,1998,4,1,1,
R6221000,83,1,7,1,1998,5,1,1,
R6221100,83,1,7,1,1998,6,1,1,
R6221200,83,1,7,1,1998,7,1,1,
R6221300,83,1,7,1,1998,8,1,1,
R6221400,83,1,7,1,1998,9,1,1,
R6221500,83,1,7,1,1998,10,1,1,
R6774500,83,1,7,1,2000,1,1,1,
R6774600,83,1,7,1,2000,2,1,1,
R6774700,83,1,7,1,2000,3,1,1,
R6774800,83,1,7,1,2000,4,1,1,
R6774900,83,1,7,1,2000,5,1,1,
R6775000,83,1,7,1,2000,6,1,1,
R6775100,83,1,7,1,2000,7,1,1,
R6775200,83,1,7,1,2000,8,1,1,
R6775300,83,1,7,1,2000,9,1,1,
R6775400,83,1,7,1,2000,10,1,1,
R7418900,83,1,7,1,2002,1,1,1,
R7419000,83,1,7,1,2002,2,1,1,
R7419100,83,1,7,1,2002,3,1,1,
R7419200,83,1,7,1,2002,4,1,1,
R7419300,83,1,7,1,2002,5,1,1,
R7419400,83,1,7,1,2002,6,1,1,
R7419500,83,1,7,1,2002,7,1,1,
R7419600,83,1,7,1,2002,8,1,1,
R7419700,83,1,7,1,2002,9,1,1,
R7419800,83,1,7,1,2002,10,1,1,
R8117000,83,1,7,1,2004,1,1,1,
R8117100,83,1,7,1,2004,2,1,1,
R8117200,83,1,7,1,2004,3,1,1,
R8117300,83,1,7,1,2004,4,1,1,
R8117400,83,1,7,1,2004,5,1,1,
R8117500,83,1,7,1,2004,6,1,1,
R8117600,83,1,7,1,2004,7,1,1,
R8117700,83,1,7,1,2004,8,1,1,
R8117800,83,1,7,1,2004,9,1,1,
R8117900,83,1,7,1,2004,10,1,1,
T0349000,83,1,7,1,2006,1,1,1,
T0349100,83,1,7,1,2006,2,1,1,
T0349200,83,1,7,1,2006,3,1,1,
T0349300,83,1,7,1,2006,4,1,1,
T0349400,83,1,7,1,2006,5,1,1,
T0349500,83,1,7,1,2006,6,1,1,
T0349600,83,1,7,1,2006,7,1,1,
T0349700,83,1,7,1,2006,8,1,1,
T0349800,83,1,7,1,2006,9,1,1,
T0349900,83,1,7,1,2006,10,1,1,
T0350000,83,1,7,1,2006,11,1,1,
T1498400,83,1,7,1,2008,1,1,1,
T1498500,83,1,7,1,2008,2,1,1,
T1498600,83,1,7,1,2008,3,1,1,
T1498700,83,1,7,1,2008,4,1,1,
T1498800,83,1,7,1,2008,5,1,1,
T1498900,83,1,7,1,2008,6,1,1,
T1499000,83,1,7,1,2008,7,1,1,
T1499100,83,1,7,1,2008,8,1,1,
T1499200,83,1,7,1,2008,9,1,1,
T1499300,83,1,7,1,2008,10,1,1,
T1499400,83,1,7,1,2008,11,1,1,
#,,,,,,,,,
#,,,,,,,,,
#,,,,,,,,,
#,,,,,,,,,
#,,,,,,,,,
#,,,,,,,,,
#,,,,,,,,,
#,,,,,,,,,
R6221700,84,1,7,1,1998,1,1,1,
R6221800,84,1,7,1,1998,2,1,1,
R6221900,84,1,7,1,1998,3,1,1,
R6222000,84,1,7,1,1998,4,1,1,
R6222100,84,1,7,1,1998,5,1,1,
R6222200,84,1,7,1,1998,6,1,1,
R6222300,84,1,7,1,1998,7,1,1,
R6222400,84,1,7,1,1998,8,1,1,
R6222500,84,1,7,1,1998,9,1,1,
R6222600,84,1,7,1,1998,10,1,1,
R6775500,84,1,7,1,2000,1,1,1,
R6775600,84,1,7,1,2000,2,1,1,
R6775700,84,1,7,1,2000,3,1,1,
R6775800,84,1,7,1,2000,4,1,1,
R6775900,84,1,7,1,2000,5,1,1,
R6776000,84,1,7,1,2000,6,1,1,
R6776100,84,1,7,1,2000,7,1,1,
R6776200,84,1,7,1,2000,8,1,1,
R7419900,84,1,7,1,2002,1,1,1,
R7420000,84,1,7,1,2002,2,1,1,
R7420100,84,1,7,1,2002,3,1,1,
R7420200,84,1,7,1,2002,4,1,1,
R7420300,84,1,7,1,2002,5,1,1,
R7420400,84,1,7,1,2002,6,1,1,
R7420500,84,1,7,1,2002,7,1,1,
R7420600,84,1,7,1,2002,8,1,1,
R8118000,84,1,7,1,2004,1,1,1,
R8118100,84,1,7,1,2004,2,1,1,
R8118200,84,1,7,1,2004,3,1,1,
R8118300,84,1,7,1,2004,4,1,1,
R8118400,84,1,7,1,2004,5,1,1,
R8118500,84,1,7,1,2004,6,1,1,
R8118600,84,1,7,1,2004,7,1,1,
R8118700,84,1,7,1,2004,8,1,1,
R8118800,84,1,7,1,2004,9,1,1,
R8118900,84,1,7,1,2004,10,1,1,
T0350100,84,1,7,1,2006,1,1,1,
T0350200,84,1,7,1,2006,2,1,1,
T0350300,84,1,7,1,2006,3,1,1,
T0350400,84,1,7,1,2006,4,1,1,
T0350500,84,1,7,1,2006,5,1,1,
T0350600,84,1,7,1,2006,6,1,1,
T0350700,84,1,7,1,2006,7,1,1,
T0350800,84,1,7,1,2006,8,1,1,
T0350900,84,1,7,1,2006,9,1,1,
T0351000,84,1,7,1,2006,10,1,1,
T1499500,84,1,7,1,2008,1,1,1,
T1499600,84,1,7,1,2008,2,1,1,
T1499700,84,1,7,1,2008,3,1,1,
T1499800,84,1,7,1,2008,4,1,1,
T1499900,84,1,7,1,2008,5,1,1,
T1500000,84,1,7,1,2008,6,1,1,
T1500100,84,1,7,1,2008,7,1,1,
T1500200,84,1,7,1,2008,8,1,1,
T1500300,84,1,7,1,2008,9,1,1,
T1500400,84,1,7,1,2008,10,1,1,
#,,,,,,,,,
#,,,,,,,,,
#,,,,,,,,,
#,,,,,,,,,
#,,,,,,,,,
#,,,,,,,,,
#,,,,,,,,,
#,,,,,,,,,
R6221701,85,1,7,1,1998,1,1,1,
R6221801,85,1,7,1,1998,2,1,1,
R6221901,85,1,7,1,1998,3,1,1,
R6222001,85,1,7,1,1998,4,1,1,
R6222101,85,1,7,1,1998,5,1,1,
R6222201,85,1,7,1,1998,6,1,1,
R6222301,85,1,7,1,1998,7,1,1,
R6222401,85,1,7,1,1998,8,1,1,
R6222501,85,1,7,1,1998,9,1,1,
R6222601,85,1,7,1,1998,10,1,1,
R6775501,85,1,7,1,2000,1,1,1,
R6775601,85,1,7,1,2000,2,1,1,
R6775701,85,1,7,1,2000,3,1,1,
R6775801,85,1,7,1,2000,4,1,1,
R6775901,85,1,7,1,2000,5,1,1,
R6776001,85,1,7,1,2000,6,1,1,
R6776101,85,1,7,1,2000,7,1,1,
R6776201,85,1,7,1,2000,8,1,1,
R7419901,85,1,7,1,2002,1,1,1,
R7420001,85,1,7,1,2002,2,1,1,
R7420101,85,1,7,1,2002,3,1,1,
R7420201,85,1,7,1,2002,4,1,1,
R7420301,85,1,7,1,2002,5,1,1,
R7420401,85,1,7,1,2002,6,1,1,
R7420501,85,1,7,1,2002,7,1,1,
R7420601,85,1,7,1,2002,8,1,1,
R8118001,85,1,7,1,2004,1,1,1,
R8118101,85,1,7,1,2004,2,1,1,
R8118201,85,1,7,1,2004,3,1,1,
R8118301,85,1,7,1,2004,4,1,1,
R8118401,85,1,7,1,2004,5,1,1,
R8118501,85,1,7,1,2004,6,1,1,
R8118601,85,1,7,1,2004,7,1,1,
R8118701,85,1,7,1,2004,8,1,1,
R8118801,85,1,7,1,2004,9,1,1,
R8118901,85,1,7,1,2004,10,1,1,
T0350101,85,1,7,1,2006,1,1,1,
T0350201,85,1,7,1,2006,2,1,1,
T0350301,85,1,7,1,2006,3,1,1,
T0350401,85,1,7,1,2006,4,1,1,
T0350501,85,1,7,1,2006,5,1,1,
T0350601,85,1,7,1,2006,6,1,1,
T0350701,85,1,7,1,2006,7,1,1,
T0350801,85,1,7,1,2006,8,1,1,
T0350901,85,1,7,1,2006,9,1,1,
T0351001,85,1,7,1,2006,10,1,1,
T1499501,85,1,7,1,2008,1,1,1,
T1499601,85,1,7,1,2008,2,1,1,
T1499701,85,1,7,1,2008,3,1,1,
T1499801,85,1,7,1,2008,4,1,1,
T1499901,85,1,7,1,2008,5,1,1,
T1500001,85,1,7,1,2008,6,1,1,
T1500101,85,1,7,1,2008,7,1,1,
T1500201,85,1,7,1,2008,8,1,1,
T1500301,85,1,7,1,2008,9,1,1,
T1500401,85,1,7,1,2008,10,1,1,
#,,,,,,,,,
#,,,,,,,,,
#,,,,,,,,,
#,,,,,,,,,
#,,,,,,,,,
#,,,,,,,,,
#,,,,,,,,,
#,,,,,,,,,
#,,,,,,,,,
#,,,,,,,,,
R3772000,91,1,7,1,1992,1,1,1,
R3774100,91,1,7,1,1992,2,1,1,
R3776200,91,1,7,1,1992,3,1,1,
R3778300,91,1,7,1,1992,4,1,1,
R3780400,91,1,7,1,1992,5,1,1,
R3782500,91,1,7,1,1992,6,1,1,
R3784600,91,1,7,1,1992,7,1,1,
R4277100,84,1,7,1,1993,1,1,1,
R4278000,84,1,7,1,1993,2,1,1,
R4278900,84,1,7,1,1993,3,1,1,
R4279800,84,1,7,1,1993,4,1,1,
R4280700,84,1,7,1,1993,5,1,1,
R4281600,84,1,7,1,1993,6,1,1,
R4282400,84,1,7,1,1993,7,1,1,
R4827900,84,1,7,1,1994,1,1,1,
R4830900,84,1,7,1,1994,2,1,1,
R4833900,84,1,7,1,1994,3,1,1,
R4836900,84,1,7,1,1994,4,1,1,
R4839900,84,1,7,1,1994,5,1,1,
R4842800,84,1,7,1,1994,6,1,1,
R4845100,84,1,7,1,1994,7,1,1,
R5498300,84,1,7,1,1996,1,1,1,
R5501300,84,1,7,1,1996,2,1,1,
R5504300,84,1,7,1,1996,3,1,1,
R5507300,84,1,7,1,1996,4,1,1,
R5510300,84,1,7,1,1996,5,1,1,
R5513300,84,1,7,1,1996,6,1,1,
R5515600,84,1,7,1,1996,7,1,1,
R5520100,84,1,7,1,1996,9,1,1,Skipped 8th
R4277000,83,1,7,1,1993,1,1,1,
R4277900,83,1,7,1,1993,2,1,1,
R4278800,83,1,7,1,1993,3,1,1,
R4279700,83,1,7,1,1993,4,1,1,
R4280600,83,1,7,1,1993,5,1,1,
R4281500,83,1,7,1,1993,6,1,1,
R4282300,83,1,7,1,1993,7,1,1,
R4827800,83,1,7,1,1994,1,1,1,
R4830800,83,1,7,1,1994,2,1,1,
R4833800,83,1,7,1,1994,3,1,1,
R4836800,83,1,7,1,1994,4,1,1,
R4839800,83,1,7,1,1994,5,1,1,
R4842700,83,1,7,1,1994,6,1,1,
R4845000,83,1,7,1,1994,7,1,1,
R4847300,83,1,7,1,1994,8,1,1,
R5498200,83,1,7,1,1996,1,1,1,
R5501200,83,1,7,1,1996,2,1,1,
R5504200,83,1,7,1,1996,3,1,1,
R5507200,83,1,7,1,1996,4,1,1,
R5510200,83,1,7,1,1996,5,1,1,
R5513200,83,1,7,1,1996,6,1,1,
R5515500,83,1,7,1,1996,7,1,1,
R5517800,83,1,7,1,1996,8,1,1,
R5520000,83,1,7,1,1996,9,1,1,
R3772100,92,1,7,1,1992,1,1,1,
R3774200,92,1,7,1,1992,2,1,1,
R3776300,92,1,7,1,1992,3,1,1,
R3778400,92,1,7,1,1992,4,1,1,
R3780500,92,1,7,1,1992,5,1,1,
R3782600,92,1,7,1,1992,6,1,1,
R3784700,92,1,7,1,1992,7,1,1,
R4277101,92,1,7,1,1993,1,1,1,
R4278001,92,1,7,1,1993,2,1,1,
R4278901,92,1,7,1,1993,3,1,1,
R4279801,92,1,7,1,1993,4,1,1,
R4280701,92,1,7,1,1993,5,1,1,
R4281601,92,1,7,1,1993,6,1,1,
R4282401,92,1,7,1,1993,7,1,1,
R4827901,85,1,7,1,1994,1,1,1,
R4830901,85,1,7,1,1994,2,1,1,
R4833901,85,1,7,1,1994,3,1,1,
R4836901,85,1,7,1,1994,4,1,1,
R4839901,85,1,7,1,1994,5,1,1,
R4842801,85,1,7,1,1994,6,1,1,
R4845101,85,1,7,1,1994,7,1,1,
R5498301,85,1,7,1,1996,1,1,1,
R5501301,85,1,7,1,1996,2,1,1,
R5504301,85,1,7,1,1996,3,1,1,
R5507301,85,1,7,1,1996,4,1,1,
R5510301,85,1,7,1,1996,5,1,1,
R5513301,85,1,7,1,1996,6,1,1,
R5515601,85,1,7,1,1996,7,1,1,
R5520101,85,1,7,1,1996,9,1,1,Skipped 8th
#,,,,,,,,,
T2541200,81,1,7,1,2010,1,1,1,
T2541300,81,1,7,1,2010,2,1,1,
T2541400,81,1,7,1,2010,3,1,1,
T2541500,81,1,7,1,2010,4,1,1,
T2541600,81,1,7,1,2010,5,1,1,
T2541700,81,1,7,1,2010,6,1,1,
T2541800,81,1,7,1,2010,7,1,1,
T2541900,81,1,7,1,2010,8,1,1,
T2542000,81,1,7,1,2010,9,1,1,
T2542100,81,1,7,1,2010,10,1,1,
#,,,,,,,,,
#,,,,,,,,,
#,,,,,,,,,
#,,,,,,,,,
T1498300,82,1,7,1,2008,11,1,1,
T1495200,81,1,7,1,2008,1,1,1,
T0346800,81,1,7,1,2006,11,1,1,
T0348900,82,1,7,1,2006,11,1,1,
T2543200,82,1,7,1,2010,1,1,1,
T2543300,82,1,7,1,2010,2,1,1,
T2543400,82,1,7,1,2010,3,1,1,
T2543500,82,1,7,1,2010,4,1,1,
T2543600,82,1,7,1,2010,5,1,1,
T2543700,82,1,7,1,2010,6,1,1,
T2543800,82,1,7,1,2010,7,1,1,
T2543900,82,1,7,1,2010,8,1,1,
T2544000,82,1,7,1,2010,9,1,1,
T2544100,82,1,7,1,2010,10,1,1,
T2544200,83,1,7,1,2010,1,1,1,
T2544300,83,1,7,1,2010,2,1,1,
T2544400,83,1,7,1,2010,3,1,1,
T2544500,83,1,7,1,2010,4,1,1,
T2544600,83,1,7,1,2010,5,1,1,
T2544700,83,1,7,1,2010,6,1,1,
T2544800,83,1,7,1,2010,7,1,1,
T2544900,83,1,7,1,2010,8,1,1,
T2545000,83,1,7,1,2010,9,1,1,
T2545100,83,1,7,1,2010,10,1,1,
T2545200,84,1,7,1,2010,1,1,1,
T2545300,84,1,7,1,2010,2,1,1,
T2545400,84,1,7,1,2010,3,1,1,
T2545500,84,1,7,1,2010,4,1,1,
T2545600,84,1,7,1,2010,5,1,1,
T2545700,84,1,7,1,2010,6,1,1,
T2545800,84,1,7,1,2010,7,1,1,
T2545900,84,1,7,1,2010,8,1,1,
T2546000,84,1,7,1,2010,10,1,1,
T2545201,85,1,7,1,2010,1,1,1,
T2545301,85,1,7,1,2010,2,1,1,
T2545401,85,1,7,1,2010,3,1,1,
T2545501,85,1,7,1,2010,4,1,1,
T2545601,85,1,7,1,2010,5,1,1,
T2545701,85,1,7,1,2010,6,1,1,
T2545801,85,1,7,1,2010,7,1,1,
T2545901,85,1,7,1,2010,8,1,1,
T2546001,85,1,7,1,2010,10,1,1,
T2546100,86,1,7,1,2010,1,1,1,
T2546101,88,1,7,1,2010,1,1,1,
T2546200,86,1,7,1,2010,2,1,1,
T2546201,88,1,7,1,2010,2,1,1,
T2546300,86,1,7,1,2010,3,1,1,
T2546301,88,1,7,1,2010,3,1,1,
T2546400,86,1,7,1,2010,4,1,1,
T2546401,88,1,7,1,2010,4,1,1,
T2546500,86,1,7,1,2010,5,1,1,
T2546501,88,1,7,1,2010,5,1,1,
T2546600,86,1,7,1,2010,6,1,1,
T2546601,88,1,7,1,2010,6,1,1,
T2546700,86,1,7,1,2010,7,1,1,
T2546701,88,1,7,1,2010,7,1,1,
T2546800,89,1,7,1,2010,1,1,1,
T2546900,89,1,7,1,2010,2,1,1,
T2547000,89,1,7,1,2010,3,1,1,
T2547100,89,1,7,1,2010,4,1,1,
T2547200,89,1,7,1,2010,5,1,1,
T2547300,89,1,7,1,2010,6,1,1,
T2547400,89,1,7,1,2010,7,1,1,
T2547500,89,1,7,1,2010,8,1,1,
T2547600,89,1,7,1,2010,9,1,1,
T2547700,89,1,7,1,2010,10,1,1,
#T2763400,90,1,7,1,2010,1,1,1,
#T2763500,90,1,7,1,2010,2,1,1,
#T2763600,90,1,7,1,2010,3,1,1,
#T2763700,90,1,7,1,2010,4,1,1,
#T2763800,90,1,7,1,2010,5,1,1,
#T2763900,90,1,7,1,2010,6,1,1,
#T2764000,90,1,7,1,2010,9,1,1,
#,,,,,,,,,
#,,,,,,,,,
#,,,,,,,,,
#,,,,,,,,,
#,,,,,,,,,
#,,,,,,,,,
T2533500,50,1,5,1,2010,1,1,1,
T2533600,50,1,5,1,2010,2,1,1,
T2533700,50,1,5,1,2010,3,1,1,
T2533800,52,1,5,1,2010,1,1,1,
T2533900,52,1,5,1,2010,2,1,1,
T2534000,52,1,5,1,2010,3,1,1,
T2534300,53,1,5,1,2010,1,1,1,
T2534400,53,1,5,1,2010,2,1,1,
T2534500,53,1,5,1,2010,3,1,1,
T2534100,54,1,5,1,2010,1,1,1,
T2534200,54,1,5,1,2010,2,1,1,
#,,,,,,,,,
#,,,,,,,,,
#,,,,,,,,,
#,,,,,,,,,
#,,,,,,,,,
#,,,,,,,,,
#,,,,,,,,,
#,,,,,,,,,
#,,,,,,,,,
Y2531800,40,2,6,3,2010,0,1,1,
#,,,,,,,,,
#,,,,,,,,,
#,,,,,,,,,
#,,,,,,,,,
R0779800,200,1,8,1,1982,0,1,1,
R0779900,201,1,8,1,1982,0,1,1,
R4521500,25,1,10,1,1994,0,1,1,
R4521700,26,1,10,1,1994,0,1,1,
R4521800,27,1,10,1,1994,0,1,1,
R4521900,28,1,10,1,1994,0,1,1,
R4522000,29,1,10,1,1994,0,1,1,
R4522100,30,1,10,1,1994,0,1,1,
R0618200,202,1,8,1,1981,0,0,1,Scored according to 1980 standards
R0618300,202,1,8,1,1981,1,0,1,Scored according to 1989 standards
R0618301,203,1,8,1,1981,0,1,1,Scored according to 2006 standards
R1774100,70,1,3,1,1985,0,1,1,
R1774200,71,1,3,1,1985,0,1,1,
C0404100,72,2,5,2,1986,0,0,1,
C0404200,73,2,5,2,1986,0,0,1,
C0577600,500,2,9,3,1986,0,0,1,
C0606300,501,2,9,3,1988,0,0,1,
C0606400,502,2,9,3,1988,0,0,1,
C0826400,501,2,9,3,1990,0,0,1,
C0826500,502,2,9,3,1990,0,0,1,
C1016700,501,2,9,3,1992,0,0,1,
C1016800,502,2,9,3,1992,0,0,1,
C1220200,501,2,9,3,1994,0,0,1,
C1220300,502,2,9,3,1994,0,0,1,
C1532700,501,2,9,3,1996,0,0,1,
C1532800,502,2,9,3,1996,0,0,1,
C1779300,501,2,9,3,1998,0,0,1,
C1779400,502,2,9,3,1998,0,0,1,
C2288500,501,2,9,3,2000,0,0,1,
C2288600,502,2,9,3,2000,0,0,1,
C2552300,500,2,9,3,2002,0,0,1,
C2820900,500,2,9,3,2004,0,0,1,
C3130400,500,2,9,3,2006,0,0,1,
C3553400,503,2,9,3,2006,0,0,1,
C3634500,500,2,9,3,2008,0,0,1,
C3898000,503,2,9,3,2008,0,0,1,
C4013000,500,2,9,3,2010,0,0,1,
C5147900,503,2,9,3,2010,0,0,1,
Y0308300,501,2,9,2,1994,0,1,1,
Y0308400,502,2,9,2,1994,0,1,1,
Y0609600,501,2,9,2,1996,0,1,1,
Y0609700,502,2,9,2,1996,0,1,1,
Y0903900,501,2,9,2,1998,0,1,1,
Y0904000,502,2,9,2,1998,0,1,1,
Y1150800,501,2,9,2,2000,0,1,1,
Y1150900,502,2,9,2,2000,0,1,1,
Y1385800,501,2,9,2,2002,0,1,1,
Y1385900,502,2,9,2,2002,0,1,1,
Y1637500,501,2,9,2,2004,0,1,1,
Y1637600,502,2,9,2,2004,0,1,1,
Y1891100,501,2,9,2,2006,0,1,1,
Y1891200,502,2,9,2,2006,0,1,1,
Y2207000,501,2,9,2,2008,0,1,1,
Y2207100,502,2,9,2,2008,0,1,1,
Y2544700,501,2,9,2,2010,0,1,1,
Y2544800,502,2,9,2,2010,0,1,1,
#,,,,,,,,,
#,,,,,,,,,
#,,,,,,,,,
#,,,,,,,,,
#,,,,,,,,,
#,,,,,,,,,
#,,,,,,,,,
#,,,,,,,,,
T2261500,5,1,10,1,2010,1,1,1,
T2261600,5,1,10,1,2010,2,1,1,
T2261700,5,1,10,1,2010,3,1,1,
T2261800,5,1,10,1,2010,4,1,1,
T2261900,5,1,10,1,2010,5,1,1,
T2262000,5,1,10,1,2010,6,1,1,
T2262100,5,1,10,1,2010,7,1,1,
T2262200,5,1,10,1,2010,8,1,1,
T2262300,5,1,10,1,2010,9,1,1,
T2262400,5,1,10,1,2010,10,1,1,
T2262500,5,1,10,1,2010,11,1,1,
T2262600,5,1,10,1,2010,12,1,1,
T2262700,6,1,10,1,2010,1,1,1,
T2262800,6,1,10,1,2010,2,1,1,
T2262900,6,1,10,1,2010,3,1,1,
T2263000,6,1,10,1,2010,4,1,1,
T2263100,6,1,10,1,2010,5,1,1,
T2263200,6,1,10,1,2010,6,1,1,
T2263300,6,1,10,1,2010,7,1,1,
T2263400,6,1,10,1,2010,8,1,1,
T2263500,6,1,10,1,2010,9,1,1,
T2263600,6,1,10,1,2010,10,1,1,
T2263700,6,1,10,1,2010,11,1,1,
T2263800,6,1,10,1,2010,12,1,1,
H0001600,300,1,11,1,0,1,1,1,alive 40 health
H0013600,300,1,11,1,0,2,1,1,alive 50 health
H0001700,301,1,11,1,0,1,1,1,deathcause 40 health
H0013700,301,1,11,1,0,2,1,1,deathcause 50 health
H0001800,302,1,11,1,0,1,1,1,deathage 40
H0013800,302,1,11,1,0,2,1,1,deathage 50
H0001900,303,1,11,1,0,1,1,1,has probs 40
H0013900,303,1,11,1,0,2,1,1,has probs 50
H0002000,304,1,11,1,0,1,0,1,prob1 40
H0002100,304,1,11,1,0,2,0,1,prob2 40
H0002200,304,1,11,1,0,3,0,1,prob3 40
H0002300,304,1,11,1,0,4,0,1,prob4 40
H0014000,304,1,11,1,0,5,0,1,prob1 50
H0014100,304,1,11,1,0,6,0,1,prob2 50
H0014200,304,1,11,1,0,7,0,1,prob3 50
H0014300,304,1,11,1,0,8,0,1,prob4 50
H0014400,304,1,11,1,0,9,0,1,prob3 50
H0014500,304,1,11,1,0,10,0,1,prob4 50
R0007300,305,1,11,1,1979,0,1,1,birth country
R0007900,307,1,11,1,1979,0,1,1,highest grade
R0007700,308,1,11,1,1979,0,1,1,birth country grandfather
H0002400,320,1,11,1,0,1,1,1,alive 40 health
H0014700,320,1,11,1,0,2,1,1,alive 50 health
H0002500,321,1,11,1,0,1,1,1,deathcause 40 health
H0014800,321,1,11,1,0,2,1,1,deathcause 50 health
H0002600,322,1,11,1,0,1,1,1,deathage 40
H0014900,322,1,11,1,0,2,1,1,deathage 50
H0002700,323,1,11,1,0,1,1,1,has probs 40
H0015000,323,1,11,1,0,2,1,1,has probs 50
H0002800,324,1,11,1,0,1,0,1,prob1 40
H0002900,324,1,11,1,0,2,0,1,prob2 40
H0003000,324,1,11,1,0,3,0,1,prob3 40
H0003100,324,1,11,1,0,4,0,1,prob4 40
H0015100,324,1,11,1,0,5,0,1,prob1 50
H0015200,324,1,11,1,0,6,0,1,prob2 50
H0015300,324,1,11,1,0,7,0,1,prob3 50
H0015400,324,1,11,1,0,8,0,1,prob4 50
H0015500,324,1,11,1,0,9,0,1,prob5 50
H0015600,324,1,11,1,0,10,0,1,prob6 50
H0015700,324,1,11,1,0,11,0,1,prob7 50
H0015800,324,1,11,1,0,12,0,1,prob8 50
H0015900,324,1,11,1,0,13,0,1,prob9 50
H0016000,324,1,11,1,0,14,0,1,prob10 50
R0006100,325,1,11,1,1979,0,1,1,birth country
R0006500,327,1,11,1,1979,0,1,1,highest grade
R2837200,326,1,11,1,1988,255,1,1,
R2837300,326,1,11,1,1988,0,1,1,
R2837400,326,1,11,1,1988,1,1,1,
R2837500,326,1,11,1,1988,2,1,1,
R2837600,326,1,11,1,1988,3,1,1,
R2837700,326,1,11,1,1988,4,1,1,
R2837800,326,1,11,1,1988,5,1,1,
R2837900,326,1,11,1,1988,6,1,1,
R2838000,326,1,11,1,1988,7,1,1,
R2838100,326,1,11,1,1988,8,1,1,
R2838200,326,1,11,1,1988,9,1,1,
R2838300,326,1,11,1,1988,10,1,1,
R2838400,326,1,11,1,1988,11,1,1,
R2838500,326,1,11,1,1988,12,1,1,
R2838600,326,1,11,1,1988,13,1,1,
R2838700,326,1,11,1,1988,14,1,1,
R2838800,326,1,11,1,1988,15,1,1,
R2838900,326,1,11,1,1988,16,1,1,
R2839000,326,1,11,1,1988,17,1,1,
R2839100,326,1,11,1,1988,18,1,1,
R2839200,306,1,11,1,1988,255,1,1,
R2839300,306,1,11,1,1988,0,1,1,
R2839400,306,1,11,1,1988,1,1,1,
R2839500,306,1,11,1,1988,2,1,1,
R2839600,306,1,11,1,1988,3,1,1,
R2839700,306,1,11,1,1988,4,1,1,
R2839800,306,1,11,1,1988,5,1,1,
R2839900,306,1,11,1,1988,6,1,1,
R2840000,306,1,11,1,1988,7,1,1,
R2840100,306,1,11,1,1988,8,1,1,
R2840200,306,1,11,1,1988,9,1,1,
R2840300,306,1,11,1,1988,10,1,1,
R2840400,306,1,11,1,1988,11,1,1,
R2840500,306,1,11,1,1988,12,1,1,
R2840600,306,1,11,1,1988,13,1,1,
R2840700,306,1,11,1,1988,14,1,1,
R2840800,306,1,11,1,1988,15,1,1,
R2840900,306,1,11,1,1988,16,1,1,
R2841000,306,1,11,1,1988,17,1,1,
R2841100,306,1,11,1,1988,18,1,1,
R2302900,309,1,11,1,1987,0,0,1,Gen1 Father Birth Month
R2505100,309,1,11,1,1988,0,0,1,Gen1 Father Birth Month
R2303100,310,1,11,1,1987,0,1,1,Gen1 Father Birth Year
R2505300,310,1,11,1,1988,0,1,1,Gen1 Father Birth Year
R2303300,329,1,11,1,1987,0,0,1,Gen1 Mother Birth Month
R2505500,329,1,11,1,1988,0,0,1,Gen1 Mother Birth Month
R2303500,330,1,11,1,1987,0,1,1,Gen1 Mother Birth Year
R2505700,330,1,11,1,1988,0,1,1,Gen1 Mother Birth Year
R2303200,311,1,11,1,1987,0,1,1,Gen1 Father Age
R2505400,311,1,11,1,1988,0,1,1,Gen1 Father Age
R2303600,331,1,11,1,1987,0,1,1,Gen1 Mother Age
R2505800,331,1,11,1,1988,0,1,1,Gen1 Mother Age
R2737900,340,1,11,1,1988,0,1,1,LIVED WITH BOTH BIOLOGICAL PARENTS FROM BIRTH TO AGE 18?
R0481600,204,1,8,1,1981,0,1,1,String of feet concat with inches
R1773900,200,1,8,1,1985,0,1,1,
R0481700,201,1,8,1,1981,0,1,1,
R1774000,201,1,8,1,1985,0,1,1,
Y0308500,504,2,12,3,1994,0,1,1,
Y0904100,504,2,12,3,1998,0,1,1,
Y1151000,504,2,12,3,2000,0,1,1,
Y1386000,504,2,12,3,2002,0,1,1,
Y1637700,504,2,12,3,2004,0,1,1,
Y1891300,504,2,12,3,2006,0,1,1,
Y2207200,504,2,12,3,2008,0,1,1,
Y2544900,504,2,12,3,2010,0,1,1,
C0579900,511,2,13,2,1986,0,1,1,
C0580000,512,2,13,2,1986,0,1,1,
C0580100,513,2,13,2,1986,0,1,1,
C0799400,511,2,13,2,1988,0,1,1,
C0799500,512,2,13,2,1988,0,1,1,
C0799600,513,2,13,2,1988,0,1,1,"There's at least one '0', but the min should be 65"
C0998600,511,2,13,2,1990,0,1,1,
C0998700,512,2,13,2,1990,0,1,1,
C0998800,513,2,13,2,1990,0,1,1,
C1198600,511,2,13,2,1992,0,1,1,
C1198700,512,2,13,2,1992,0,1,1,
C1198800,513,2,13,2,1992,0,1,1,
C1507600,511,2,13,2,1994,0,1,1,
C1507700,512,2,13,2,1994,0,1,1,
C1507800,513,2,13,2,1994,0,1,1,
C1564500,511,2,13,2,1996,0,1,1,
C1564600,512,2,13,2,1996,0,1,1,
C1564700,513,2,13,2,1996,0,1,1,
C1799900,511,2,13,2,1998,0,1,1,
C1800000,512,2,13,2,1998,0,1,1,
C1800100,513,2,13,2,1998,0,1,1,
C2503500,511,2,13,2,2000,0,1,1,
C2503600,512,2,13,2,2000,0,1,1,
C2503700,513,2,13,2,2000,0,1,1,
C2532000,511,2,13,2,2002,0,1,1,
C2532100,512,2,13,2,2002,0,1,1,
C2532200,513,2,13,2,2002,0,1,1,
C2802800,511,2,13,2,2004,0,1,1,
C2802900,512,2,13,2,2004,0,1,1,
C2803000,513,2,13,2,2004,0,1,1,
C3111300,511,2,13,2,2006,0,1,1,
C3111400,512,2,13,2,2006,0,1,1,
C3111500,513,2,13,2,2006,0,1,1,
C3615000,511,2,13,2,2008,0,1,1,
C3615100,512,2,13,2,2008,0,1,1,
C3615200,513,2,13,2,2008,0,1,1,
C3993600,511,2,13,2,2010,0,1,1,
C3993700,512,2,13,2,2010,0,1,1,
C3993800,513,2,13,2,2010,0,1,1,
R9900600,145,2,5,1,0,1,1,0,
R9900601,146,2,5,1,0,1,1,0,
R9901400,145,2,5,1,0,2,1,0,
R9901401,146,2,5,1,0,2,1,0,
R9902200,145,2,5,1,0,3,1,0,
R9902201,146,2,5,1,0,3,1,0,
R9903000,145,2,5,1,0,4,1,0,
R9903001,146,2,5,1,0,4,1,0,
R9903800,145,2,5,1,0,5,1,0,
R9903801,146,2,5,1,0,5,1,0,
R9904600,145,2,5,1,0,6,1,0,
R9904601,146,2,5,1,0,6,1,0,
R9905400,145,2,5,1,0,7,1,0,
R9905401,146,2,5,1,0,7,1,0,
R9911200,145,2,5,1,0,9,1,0,Child 8 was skipped
R9911201,146,2,5,1,0,9,1,0,Child 8 was skipped
R4522200,9999,1,10,1,1994,0,0,1,
R4522300,9999,1,10,1,1994,1,0,1,
R4522400,9995,1,10,1,1994,0,0,1,
R4522500,9996,1,10,1,1994,0,0,1,
R4522600,9999,1,10,1,1994,2,0,1,
R4522700,9997,1,10,1,1994,0,1,1,
R4522800,9998,1,10,1,1994,0,1,1,
R4825600,9994,1,5,1,1994,0,0,1,
R4825800,9993,1,5,1,1994,0,0,1,
