"ID","VariableCode","Item","Generation","ExtractSource","SurveySource","SurveyYear","LoopIndex","Translate","Notes"
1,"R0000149",101,1,3,1,1979,0,0,"Is read directly in Subject.cs"
2,"R0216500",16,1,3,1,1979,0,1,NA
3,"R0406510",16,1,3,1,1980,0,1,NA
4,"R0619010",16,1,3,1,1981,0,1,NA
5,"R0898310",16,1,3,1,1982,0,1,NA
6,"R1145110",16,1,3,1,1983,0,1,NA
7,"R1520310",16,1,3,1,1984,0,1,NA
8,"R1891010",16,1,3,1,1985,0,1,NA
9,"R2258110",16,1,3,1,1986,0,1,NA
10,"R2445510",16,1,3,1,1987,0,1,NA
11,"R2871300",16,1,3,1,1988,0,1,NA
12,"R3075000",16,1,3,1,1989,0,1,NA
13,"R3401700",16,1,3,1,1990,0,1,NA
14,"R3657100",16,1,3,1,1991,0,1,NA
15,"R4007600",16,1,3,1,1992,0,1,NA
16,"R4418700",16,1,3,1,1993,0,1,NA
17,"R5081700",16,1,3,1,1994,0,1,NA
18,"R5167000",16,1,3,1,1996,0,1,NA
19,"R6479800",16,1,3,1,1998,0,1,NA
20,"R7007500",16,1,3,1,2000,0,1,NA
21,"R7704800",16,1,3,1,2002,0,1,NA
22,"R8497200",16,1,3,1,2004,0,1,NA
23,"T0989000",16,1,3,1,2006,0,1,NA
24,"T2210800",16,1,3,1,2008,0,1,NA
26,"R0000150",1,1,10,1,1979,1,1,NA
27,"R0000152",1,1,10,1,1979,2,1,NA
28,"R0000154",1,1,10,1,1979,3,1,NA
29,"R0000156",1,1,10,1,1979,4,1,NA
30,"R0000158",1,1,10,1,1979,5,1,NA
31,"R0000151",2,1,10,1,1979,1,1,NA
32,"R0000153",2,1,10,1,1979,2,1,NA
33,"R0000155",2,1,10,1,1979,3,1,NA
36,"R0000157",2,1,10,1,1979,4,1,NA
37,"R0000159",2,1,10,1,1979,5,1,NA
38,"R0000300",13,1,3,1,1979,0,1,NA
39,"R0000500",14,1,3,1,1979,0,1,NA
43,"C0000100",100,2,6,2,2008,0,0,"Is read directly in Subject.cs"
44,"C0005500",13,2,4,2,2008,0,1,NA
45,"C0005700",15,2,4,2,2008,0,1,NA
46,"Y1708400",10,2,4,3,2006,1,1,NA
47,"Y1708500",10,2,4,3,2006,2,1,NA
48,"Y1708600",10,2,4,3,2006,3,1,NA
50,"Y1708700",10,2,4,3,2006,4,1,NA
51,"Y1708800",10,2,4,3,2006,5,1,NA
52,"Y1708900",10,2,4,3,2006,6,1,NA
53,"Y1709000",10,2,4,3,2006,7,1,NA
54,"Y1709100",10,2,4,3,2006,8,1,NA
55,"Y1709200",10,2,4,3,2006,9,1,NA
56,"Y1709300",10,2,4,3,2006,10,1,NA
57,"Y1707400",9,2,4,3,2006,1,1,NA
58,"Y1707500",9,2,4,3,2006,2,1,NA
59,"Y1707600",9,2,4,3,2006,3,1,NA
60,"Y1707700",9,2,4,3,2006,4,1,NA
61,"Y1707800",9,2,4,3,2006,5,1,NA
62,"Y1707900",9,2,4,3,2006,6,1,NA
63,"Y1708000",9,2,4,3,2006,7,1,NA
64,"Y1708100",9,2,4,3,2006,8,1,NA
65,"Y1708200",9,2,4,3,2006,9,1,NA
66,"Y1708300",9,2,4,3,2006,10,1,NA
68,"Y1994000",10,2,4,3,2008,1,1,NA
69,"Y1994100",10,2,4,3,2008,2,1,NA
70,"Y1994200",10,2,4,3,2008,3,1,NA
71,"Y1994300",10,2,4,3,2008,4,1,NA
72,"Y1994400",10,2,4,3,2008,5,1,NA
73,"Y1994500",10,2,4,3,2008,6,1,NA
74,"Y1994600",10,2,4,3,2008,7,1,NA
75,"Y1994700",10,2,4,3,2008,8,1,NA
76,"Y1994800",10,2,4,3,2008,9,1,NA
77,"Y1994900",10,2,4,3,2008,10,1,NA
78,"Y1993000",9,2,4,3,2008,1,1,NA
79,"Y1993100",9,2,4,3,2008,2,1,NA
80,"Y1993200",9,2,4,3,2008,3,1,NA
81,"Y1993300",9,2,4,3,2008,4,1,NA
82,"Y1993400",9,2,4,3,2008,5,1,NA
83,"Y1993500",9,2,4,3,2008,6,1,NA
84,"Y1993600",9,2,4,3,2008,7,1,NA
85,"Y1993700",9,2,4,3,2008,8,1,NA
86,"Y1993800",9,2,4,3,2008,9,1,NA
87,"Y1993900",9,2,4,3,2008,10,1,NA
89,"T0002000",5,1,10,1,2006,1,1,NA
90,"T0002100",5,1,10,1,2006,2,1,NA
91,"T0002200",5,1,10,1,2006,3,1,NA
92,"T0002300",5,1,10,1,2006,4,1,NA
93,"T0002400",5,1,10,1,2006,5,1,NA
94,"T0002500",5,1,10,1,2006,6,1,NA
95,"T0002600",5,1,10,1,2006,7,1,NA
96,"T0002700",5,1,10,1,2006,8,1,NA
97,"T0002800",5,1,10,1,2006,9,1,NA
98,"T0002900",5,1,10,1,2006,10,1,NA
99,"T0003000",5,1,10,1,2006,11,1,NA
100,"T0003100",5,1,10,1,2006,12,1,NA
101,"T0003200",5,1,10,1,2006,13,1,NA
104,"T0003300",6,1,10,1,2006,1,1,NA
105,"T0003400",6,1,10,1,2006,2,1,NA
106,"T0003500",6,1,10,1,2006,3,1,NA
107,"T0003600",6,1,10,1,2006,4,1,NA
108,"T0003700",6,1,10,1,2006,5,1,NA
109,"T0003800",6,1,10,1,2006,6,1,NA
110,"T0003900",6,1,10,1,2006,7,1,NA
111,"T0004000",6,1,10,1,2006,8,1,NA
112,"T0004100",6,1,10,1,2006,9,1,NA
113,"T0004200",6,1,10,1,2006,10,1,NA
114,"T0004300",6,1,10,1,2006,11,1,NA
115,"T0004400",6,1,10,1,2006,12,1,NA
116,"T0004500",6,1,10,1,2006,13,1,NA
160,"R0000100",100,1,3,1,1979,0,0,"Is read directly in Subject.cs"
163,"C0006500",17,2,4,2,1986,0,1,NA
164,"C0006800",17,2,4,2,1988,0,1,NA
165,"C0007010",17,2,4,2,1990,0,1,NA
166,"C0007030",17,2,4,2,1992,0,1,NA
167,"C0007041",17,2,4,2,1994,0,1,NA
168,"C0007043",17,2,4,2,1996,0,1,NA
169,"C0007045",17,2,4,2,1998,0,1,NA
170,"C0007047",17,2,4,2,2000,0,1,NA
171,"C0007049",17,2,4,2,2002,0,1,NA
172,"C0007052",17,2,4,2,2004,0,1,NA
173,"C0007055",17,2,4,2,2006,0,1,NA
174,"C3601100",17,2,4,2,2008,0,1,NA
178,"R0172500",21,1,3,1,1979,0,1,NA
179,"R0172600",20,1,3,1,1979,0,1,NA
180,"R0329200",21,1,3,1,1980,0,1,NA
182,"R0329210",20,1,3,1,1980,0,1,NA
183,"R0530700",21,1,3,1,1981,0,1,NA
184,"R0530800",20,1,3,1,1981,0,1,NA
185,"R0809900",21,1,3,1,1982,0,1,NA
187,"R0810000",20,1,3,1,1982,0,1,NA
188,"R1045700",21,1,3,1,1983,0,1,NA
189,"R1045800",20,1,3,1,1983,0,1,NA
190,"R1427500",21,1,3,1,1984,0,1,NA
191,"R1427600",20,1,3,1,1984,0,1,NA
192,"R1794600",21,1,3,1,1985,0,1,NA
193,"R1794700",20,1,3,1,1985,0,1,NA
194,"R2156200",21,1,3,1,1986,0,1,NA
195,"R2156300",20,1,3,1,1986,0,1,NA
197,"R2365700",21,1,3,1,1987,0,1,NA
198,"R2365800",20,1,3,1,1987,0,1,NA
199,"R2742500",21,1,3,1,1988,0,1,NA
200,"R2742600",20,1,3,1,1988,0,1,NA
201,"R2986100",21,1,3,1,1989,0,1,NA
202,"R2986200",20,1,3,1,1989,0,1,NA
203,"R3302500",21,1,3,1,1990,0,1,NA
204,"R3302600",20,1,3,1,1990,0,1,NA
205,"R3573400",21,1,3,1,1991,0,1,NA
206,"R3573500",20,1,3,1,1991,0,1,NA
207,"R3917600",21,1,3,1,1992,0,1,NA
208,"R3917700",20,1,3,1,1992,0,1,NA
209,"R4100200",21,1,3,1,1993,0,1,NA
210,"R4100201",20,1,3,1,1993,0,1,NA
211,"R4100202",22,1,3,1,1993,0,1,NA
212,"R4500200",20,1,3,1,1994,0,1,NA
213,"R4500201",21,1,3,1,1994,0,1,NA
214,"R4500202",22,1,3,1,1994,0,1,NA
215,"R5200200",20,1,3,1,1996,0,1,NA
216,"R5200201",21,1,3,1,1996,0,1,NA
217,"R5200202",22,1,3,1,1996,0,1,NA
218,"R6435300",20,1,3,1,1998,0,1,NA
219,"R6435301",21,1,3,1,1998,0,1,NA
220,"R6435302",22,1,3,1,1998,0,1,NA
221,"R6963300",20,1,3,1,2000,0,1,NA
222,"R6963301",21,1,3,1,2000,0,1,NA
223,"R6963302",22,1,3,1,2000,0,1,NA
224,"R7656300",20,1,3,1,2002,0,1,NA
225,"R7656301",21,1,3,1,2002,0,1,NA
226,"R7656302",22,1,3,1,2002,0,1,NA
227,"R8423200",20,1,3,1,2004,0,1,NA
228,"R8423201",21,1,3,1,2004,0,1,NA
229,"R8423202",22,1,3,1,2004,0,1,NA
230,"T0967300",20,1,3,1,2006,0,1,NA
231,"T0967301",21,1,3,1,2006,0,1,NA
232,"T0967302",22,1,3,1,2006,0,1,NA
233,"T2190500",20,1,3,1,2008,0,1,NA
234,"T2190501",21,1,3,1,2008,0,1,NA
235,"T2190502",22,1,3,1,2008,0,1,NA
236,"C1230100",20,2,4,2,1994,0,1,NA
237,"C1230200",21,2,4,2,1994,0,1,NA
239,"C1230300",22,2,4,2,1994,0,1,NA
240,"C1548100",20,2,4,2,1996,0,1,NA
241,"C1548101",21,2,4,2,1996,0,1,NA
242,"C1548102",22,2,4,2,1996,0,1,NA
243,"C1989400",20,2,4,2,1998,0,1,NA
244,"C1989401",21,2,4,2,1998,0,1,NA
245,"C1989402",22,2,4,2,1998,0,1,NA
246,"C2305100",20,2,4,2,2000,0,1,NA
247,"C2305101",21,2,4,2,2000,0,1,NA
248,"C2305102",22,2,4,2,2000,0,1,NA
249,"C2544700",20,2,4,2,2002,0,1,NA
252,"C2544701",21,2,4,2,2002,0,1,NA
253,"C2544702",22,2,4,2,2002,0,1,NA
254,"C2814500",20,2,4,2,2004,0,1,NA
255,"C2814501",21,2,4,2,2004,0,1,NA
256,"C2814502",22,2,4,2,2004,0,1,NA
257,"C3123500",20,2,4,2,2006,0,1,NA
258,"C3123501",21,2,4,2,2006,0,1,NA
259,"C3123502",22,2,4,2,2006,0,1,NA
260,"C3627700",20,2,4,2,2008,0,1,NA
261,"C3627701",21,2,4,2,2008,0,1,NA
262,"C3627702",22,2,4,2,2008,0,1,NA
264,"Y0000200",20,2,4,3,1994,0,1,NA
265,"Y0000201",21,2,4,3,1994,0,1,NA
266,"Y0000202",22,2,4,3,1994,0,1,NA
267,"Y0390100",20,2,4,3,1996,0,1,NA
268,"Y0390101",21,2,4,3,1996,0,1,NA
269,"Y0390102",22,2,4,3,1996,0,1,NA
270,"Y0933700",20,2,4,3,1998,0,1,NA
271,"Y0933701",21,2,4,3,1998,0,1,NA
272,"Y0933702",22,2,4,3,1998,0,1,NA
273,"Y1180500",20,2,4,3,2000,0,1,NA
274,"Y1180501",21,2,4,3,2000,0,1,NA
275,"Y1180502",22,2,4,3,2000,0,1,NA
276,"Y1421100",20,2,4,3,2002,0,1,NA
277,"Y1421101",21,2,4,3,2002,0,1,NA
278,"Y1421102",22,2,4,3,2002,0,1,NA
279,"Y1450200",20,2,4,3,2004,0,1,NA
280,"Y1450201",21,2,4,3,2004,0,1,NA
281,"Y1450202",22,2,4,3,2004,0,1,NA
282,"Y1695600",20,2,4,3,2006,0,1,NA
283,"Y1695601",21,2,4,3,2006,0,1,NA
284,"Y1695602",22,2,4,3,2006,0,1,NA
285,"Y1981600",20,2,4,3,2008,0,1,NA
286,"Y1981601",21,2,4,3,2008,0,1,NA
287,"Y1981602",22,2,4,3,2008,0,1,NA
290,"R0410100",13,1,3,1,1981,0,1,NA
291,"R0410300",14,1,3,1,1981,0,1,NA
292,"C0008100",121,2,6,2,1984,0,1,NA
293,"C0008200",122,2,6,2,1984,0,1,NA
294,"C0008300",123,2,6,2,1984,0,1,NA
295,"C0008600",121,2,6,2,1985,0,1,NA
296,"C0008700",122,2,6,2,1985,0,1,NA
297,"C0008800",123,2,6,2,1985,0,1,NA
298,"C0009100",121,2,6,2,1986,0,1,NA
299,"C0009200",122,2,6,2,1986,0,1,NA
300,"C0009300",123,2,6,2,1986,0,1,NA
301,"C0009600",121,2,6,2,1987,0,1,NA
302,"C0009700",121,2,6,2,1988,0,1,NA
303,"C0009800",122,2,6,2,1988,0,1,NA
304,"C0009900",123,2,6,2,1988,0,1,NA
305,"C0010110",121,2,6,2,1989,0,1,NA
306,"C0010200",121,2,6,2,1990,0,1,NA
307,"C0010300",122,2,6,2,1990,0,1,NA
308,"C0010400",123,2,6,2,1990,0,1,NA
309,"C0010700",121,2,6,2,1992,0,1,NA
310,"C0010800",122,2,6,2,1992,0,1,NA
311,"C0010900",123,2,6,2,1992,0,1,NA
312,"C0011110",121,2,6,2,1993,0,1,NA
313,"C0011111",122,2,6,2,1993,0,1,NA
314,"C0011112",121,2,6,2,1994,0,1,NA
315,"C0011113",122,2,6,2,1994,0,1,NA
316,"C0011114",123,2,6,2,1994,0,1,NA
317,"C0011117",121,2,6,2,1996,0,1,NA
318,"C0011118",122,2,6,2,1996,0,1,NA
319,"C0011119",123,2,6,2,1996,0,1,NA
320,"C0011122",121,2,6,2,1998,0,1,NA
321,"C0011123",122,2,6,2,1998,0,1,NA
322,"C0011124",123,2,6,2,1998,0,1,NA
338,"C0011127",121,2,6,2,2000,0,1,NA
339,"C0011128",122,2,6,2,2000,0,1,NA
340,"C0011129",123,2,6,2,2000,0,1,NA
341,"C0011132",121,2,6,2,2002,0,1,NA
342,"C0011133",122,2,6,2,2002,0,1,NA
343,"C0011134",123,2,6,2,2002,0,1,NA
344,"C0011137",121,2,6,2,2004,0,1,NA
345,"C0011138",122,2,6,2,2004,0,1,NA
346,"C0011139",123,2,6,2,2004,0,1,NA
347,"C0011142",121,2,6,2,2006,0,1,NA
348,"C0011143",122,2,6,2,2006,0,1,NA
349,"C0011144",123,2,6,2,2006,0,1,NA
350,"C3601700",121,2,6,2,2008,0,1,NA
351,"C3601800",122,2,6,2,2008,0,1,NA
352,"C3601900",123,2,6,2,2008,0,1,NA
353,"Y0003100",37,2,6,3,1994,0,0,NA
354,"Y0392800",37,2,6,3,1996,0,0,NA
355,"Y0682400",37,2,6,3,1998,0,0,NA
356,"Y0986600",37,2,6,3,2000,0,0,NA
357,"Y1226800",37,2,6,3,2002,0,0,NA
358,"Y1456500",37,2,6,3,2004,0,0,NA
359,"Y1701600",37,2,6,3,2006,0,0,NA
360,"Y1987100",37,2,6,3,2008,0,0,NA
361,"C0402400",22,2,4,2,1986,0,1,NA
362,"C0402500",21,2,4,2,1986,0,1,NA
363,"C0402600",20,2,4,2,1986,0,1,NA
364,"C0737000",22,2,4,2,1988,0,1,NA
365,"C0737100",21,2,4,2,1988,0,1,NA
366,"C0737200",20,2,4,2,1988,0,1,NA
367,"C0948700",22,2,4,2,1990,0,1,NA
368,"C0948800",21,2,4,2,1990,0,1,NA
369,"C0948900",20,2,4,2,1990,0,1,NA
370,"C1146600",22,2,4,2,1992,0,1,NA
371,"C1146700",21,2,4,2,1992,0,1,NA
372,"C1146800",20,2,4,2,1992,0,1,NA
373,"Y1629500",40,2,6,3,2004,0,1,NA
374,"Y1883300",40,2,6,3,2006,0,1,NA
375,"Y2197500",40,2,6,3,2008,0,1,NA
376,"C3070500",40,2,6,2,2004,0,1,NA
377,"C3423600",40,2,6,2,2006,0,1,NA
378,"C3605900",40,2,6,2,2008,0,1,NA
392,"R4125101",4,1,10,1,1993,1,1,NA
393,"R4125801",4,1,10,1,1993,2,1,NA
394,"R4126501",4,1,10,1,1993,3,1,NA
395,"R4127201",4,1,10,1,1993,4,1,NA
396,"R4127901",4,1,10,1,1993,5,1,NA
397,"R4128601",4,1,10,1,1993,6,1,NA
398,"R4129301",4,1,10,1,1993,7,1,NA
399,"R4130001",4,1,10,1,1993,8,1,NA
400,"R4130701",4,1,10,1,1993,9,1,NA
401,"R4131401",4,1,10,1,1993,10,1,NA
402,"R4132101",4,1,10,1,1993,11,1,NA
403,"R4132801",4,1,10,1,1993,12,1,NA
404,"R4133701",4,1,10,1,1993,13,1,NA
405,"R9900400",49,1,5,1,0,1,1,NA
406,"R9901200",49,1,5,1,0,2,1,NA
407,"R9902000",49,1,5,1,0,3,1,NA
408,"R9902800",49,1,5,1,0,4,1,NA
409,"R9903600",49,1,5,1,0,5,1,NA
410,"R9904400",49,1,5,1,0,6,1,NA
411,"R9905200",49,1,5,1,0,7,1,NA
412,"R9906000",49,1,5,1,0,8,1,NA
413,"R9906600",49,1,5,1,0,9,1,NA
414,"R9907200",49,1,5,1,0,10,1,NA
415,"R9907800",49,1,5,1,0,11,1,NA
416,"R4825700",50,1,5,1,1994,1,1,NA
417,"R4826500",50,1,5,1,1994,2,1,NA
418,"R5495900",50,1,5,1,1996,1,1,NA
419,"R5496700",50,1,5,1,1996,2,1,NA
420,"R6210700",50,1,5,1,1998,1,1,NA
421,"R6210800",50,1,5,1,1998,2,1,NA
422,"R6210900",50,1,5,1,1998,3,1,NA
423,"R6764000",50,1,5,1,2000,1,1,NA
424,"R6764100",50,1,5,1,2000,2,1,NA
425,"R6764200",50,1,5,1,2000,3,1,NA
426,"R7408300",50,1,5,1,2002,1,1,NA
427,"R7408400",50,1,5,1,2002,2,1,NA
428,"R7408500",50,1,5,1,2002,3,1,NA
429,"R8106400",50,1,5,1,2004,1,1,NA
430,"R8106500",50,1,5,1,2004,2,1,NA
431,"R8106600",50,1,5,1,2004,3,1,NA
432,"T0337300",50,1,5,1,2006,1,1,NA
433,"T0337400",50,1,5,1,2006,2,1,NA
434,"T0337500",50,1,5,1,2006,3,1,NA
435,"T1486900",50,1,5,1,2008,1,1,NA
436,"T1487000",50,1,5,1,2008,2,1,NA
437,"T1487100",50,1,5,1,2008,3,1,NA
438,"R9908000",48,1,5,1,0,0,1,NA
479,"R4826000",52,1,5,1,1994,1,1,NA
480,"R4826300",53,1,5,1,1994,1,1,NA
481,"R4826800",52,1,5,1,1994,2,1,NA
482,"R5496200",52,1,5,1,1996,1,1,NA
483,"R5496500",53,1,5,1,1996,1,1,NA
484,"R5497000",52,1,5,1,1996,2,1,NA
485,"R5497200",53,1,5,1,1996,2,1,NA
491,"R6211500",52,1,5,1,1998,1,1,NA
493,"R6211600",52,1,5,1,1998,2,1,NA
494,"R6211700",52,1,5,1,1998,3,1,NA
495,"R6212200",53,1,5,1,1998,1,1,NA
496,"R6212300",53,1,5,1,1998,2,1,NA
531,"R6764900",52,1,5,1,2000,1,1,NA
532,"R6765000",52,1,5,1,2000,2,1,NA
533,"R6765100",52,1,5,1,2000,3,1,NA
534,"R6765600",53,1,5,1,2000,1,1,NA
535,"R6765700",53,1,5,1,2000,2,1,NA
536,"R6765800",53,1,5,1,2000,3,1,NA
537,"R7409200",52,1,5,1,2002,1,1,NA
538,"R7409300",52,1,5,1,2002,2,1,NA
539,"R7409400",52,1,5,1,2002,3,1,NA
540,"R7409900",53,1,5,1,2002,1,1,NA
541,"R7410000",53,1,5,1,2002,2,1,NA
542,"R7410100",53,1,5,1,2002,3,1,NA
543,"R8106700",52,1,5,1,2004,1,1,NA
544,"R8106800",52,1,5,1,2004,2,1,NA
545,"R8106900",52,1,5,1,2004,3,1,NA
546,"R8107200",53,1,5,1,2004,1,1,NA
547,"T0337600",52,1,5,1,2006,1,1,NA
548,"T0337700",52,1,5,1,2006,2,1,NA
549,"T0337800",52,1,5,1,2006,3,1,NA
550,"T0338200",53,1,5,1,2006,1,1,NA
551,"T0338300",53,1,5,1,2006,2,1,NA
552,"T0338400",53,1,5,1,2006,3,1,NA
553,"T1487200",52,1,5,1,2008,1,1,NA
554,"T1487300",52,1,5,1,2008,2,1,NA
555,"T1487400",52,1,5,1,2008,3,1,NA
556,"T1487600",53,1,5,1,2008,1,1,NA
557,"T1487700",53,1,5,1,2008,2,1,NA
558,"T1487800",53,1,5,1,2008,3,1,NA
559,"R4826100",54,1,5,1,1994,1,1,NA
560,"R5496300",54,1,5,1,1996,1,1,NA
561,"R6211800",54,1,5,1,1998,1,1,NA
562,"R6211900",54,1,5,1,1998,2,1,NA
563,"R6765200",54,1,5,1,2000,1,1,NA
564,"R7409500",54,1,5,1,2002,1,1,NA
565,"R8107000",54,1,5,1,2004,1,1,NA
566,"R8107100",54,1,5,1,2004,2,1,NA
567,"T0337900",54,1,5,1,2006,1,1,NA
568,"T0338000",54,1,5,1,2006,2,1,NA
569,"T0338100",54,1,5,1,2006,3,1,NA
570,"T0338500",55,1,5,1,2006,1,1,NA
571,"T0338600",55,1,5,1,2006,2,1,NA
572,"T1487500",54,1,5,1,2008,1,1,NA
583,"C0005800",60,2,4,2,2008,0,1,NA
584,"R0009100",63,1,3,1,1979,0,1,NA
586,"Y2148600",64,2,4,3,2008,0,1,NA
587,"R0009300",66,1,3,1,1979,0,1,NA
588,"C0000200",11,2,4,2,2008,0,1,NA
589,"R8135300",90,1,7,1,2004,1,1,""
590,"R8135400",90,1,7,1,2004,2,1,""
591,"R8135500",90,1,7,1,2004,3,1,""
592,"R8135600",90,1,7,1,2004,4,1,""
593,"R8135700",90,1,7,1,2004,5,1,""
594,"R8135800",90,1,7,1,2004,6,1,""
595,"R8135900",90,1,7,1,2004,7,1,""
596,"T0597800",90,1,7,1,2006,1,1,""
597,"T0597900",90,1,7,1,2006,2,1,""
598,"T0598000",90,1,7,1,2006,3,1,""
599,"T0598100",90,1,7,1,2006,4,1,""
600,"T0598200",90,1,7,1,2006,5,1,""
601,"T0598300",90,1,7,1,2006,6,1,""
602,"T0598400",90,1,7,1,2006,7,1,""
603,"T1765100",90,1,7,1,2008,1,1,""
604,"T1765200",90,1,7,1,2008,2,1,""
605,"T1765300",90,1,7,1,2008,3,1,""
606,"T1765400",90,1,7,1,2008,4,1,""
607,"T1765500",90,1,7,1,2008,5,1,""
608,"T1765600",90,1,7,1,2008,6,1,""
609,"T1765700",90,1,7,1,2008,8,1,"Child7 skipped"
610,"R1373300",81,1,7,1,1984,1,1,NA
611,"R1373400",82,1,7,1,1984,1,1,NA
612,"R1373500",89,1,7,1,1984,1,1,NA
613,"R1374000",81,1,7,1,1984,2,1,NA
614,"R1374100",82,1,7,1,1984,2,1,NA
615,"R1374200",89,1,7,1,1984,2,1,NA
616,"R1374700",81,1,7,1,1984,3,1,NA
617,"R1374800",82,1,7,1,1984,3,1,NA
618,"R1374900",89,1,7,1,1984,3,1,NA
619,"R1375400",81,1,7,1,1984,4,1,NA
620,"R1375500",82,1,7,1,1984,4,1,NA
621,"R1375600",89,1,7,1,1984,4,1,NA
622,"R1376100",81,1,7,1,1984,5,1,NA
623,"R1376200",82,1,7,1,1984,5,1,NA
624,"R1376300",89,1,7,1,1984,5,1,NA
625,"R1376800",81,1,7,1,1984,6,1,NA
626,"R1376900",82,1,7,1,1984,6,1,NA
627,"R1377000",89,1,7,1,1984,6,1,NA
628,"R1377500",81,1,7,1,1984,7,1,NA
629,"R1377600",82,1,7,1,1984,7,1,NA
630,"R1377700",89,1,7,1,1984,7,1,NA
631,"R1753700",81,1,7,1,1985,1,1,NA
632,"R1753800",82,1,7,1,1985,1,1,NA
633,"R1753900",89,1,7,1,1985,1,1,NA
634,"R1754400",81,1,7,1,1985,2,1,NA
635,"R1754500",82,1,7,1,1985,2,1,NA
636,"R1754600",89,1,7,1,1985,2,1,NA
637,"R1755100",81,1,7,1,1985,3,1,NA
638,"R1755200",82,1,7,1,1985,3,1,NA
639,"R1755300",89,1,7,1,1985,3,1,NA
640,"R1755800",81,1,7,1,1985,4,1,NA
641,"R1755900",82,1,7,1,1985,4,1,NA
642,"R1756000",89,1,7,1,1985,4,1,NA
643,"R1756500",81,1,7,1,1985,5,1,NA
644,"R1756600",82,1,7,1,1985,5,1,NA
645,"R1756700",89,1,7,1,1985,5,1,NA
646,"R1757200",81,1,7,1,1985,6,1,NA
647,"R1757300",82,1,7,1,1985,6,1,NA
648,"R1757400",89,1,7,1,1985,6,1,NA
649,"R1757900",81,1,7,1,1985,7,1,NA
650,"R1758000",82,1,7,1,1985,7,1,NA
651,"R1758100",89,1,7,1,1985,7,1,NA
652,"R2095700",81,1,7,1,1986,1,1,NA
653,"R2095800",82,1,7,1,1986,1,1,NA
654,"R2095900",89,1,7,1,1986,1,1,NA
655,"R2096400",81,1,7,1,1986,2,1,NA
656,"R2096500",82,1,7,1,1986,2,1,NA
657,"R2096600",89,1,7,1,1986,2,1,NA
658,"R2097100",81,1,7,1,1986,3,1,NA
659,"R2097200",82,1,7,1,1986,3,1,NA
660,"R2097300",89,1,7,1,1986,3,1,NA
661,"R2097800",81,1,7,1,1986,4,1,NA
662,"R2097900",82,1,7,1,1986,4,1,NA
663,"R2098000",89,1,7,1,1986,4,1,NA
664,"R2098500",81,1,7,1,1986,5,1,NA
665,"R2098600",82,1,7,1,1986,5,1,NA
666,"R2098700",89,1,7,1,1986,5,1,NA
667,"R2099200",81,1,7,1,1986,6,1,NA
668,"R2099300",82,1,7,1,1986,6,1,NA
669,"R2099400",89,1,7,1,1986,6,1,NA
670,"R2099900",81,1,7,1,1986,7,1,NA
671,"R2100000",82,1,7,1,1986,7,1,NA
672,"R2100100",89,1,7,1,1986,7,1,NA
673,"R2648000",81,1,7,1,1988,1,1,NA
674,"R2648100",82,1,7,1,1988,1,1,NA
675,"R2648200",89,1,7,1,1988,1,1,NA
676,"R2648700",81,1,7,1,1988,2,1,NA
677,"R2648800",82,1,7,1,1988,2,1,NA
678,"R2648900",89,1,7,1,1988,2,1,NA
679,"R2649400",81,1,7,1,1988,3,1,NA
680,"R2649500",82,1,7,1,1988,3,1,NA
681,"R2649600",89,1,7,1,1988,3,1,NA
682,"R2650100",81,1,7,1,1988,4,1,NA
683,"R2650200",82,1,7,1,1988,4,1,NA
684,"R2650300",89,1,7,1,1988,4,1,NA
685,"R2650800",81,1,7,1,1988,5,1,NA
686,"R2650900",82,1,7,1,1988,5,1,NA
687,"R2651000",89,1,7,1,1988,5,1,NA
688,"R2651500",81,1,7,1,1988,6,1,NA
689,"R2651600",82,1,7,1,1988,6,1,NA
690,"R2651700",89,1,7,1,1988,6,1,NA
691,"R2652200",81,1,7,1,1988,7,1,NA
692,"R2652300",82,1,7,1,1988,7,1,NA
693,"R2652400",89,1,7,1,1988,7,1,NA
694,"R3255900",81,1,7,1,1990,1,1,NA
695,"R3256000",82,1,7,1,1990,1,1,NA
696,"R3256100",89,1,7,1,1990,1,1,NA
697,"R3257700",81,1,7,1,1990,2,1,NA
698,"R3257800",82,1,7,1,1990,2,1,NA
699,"R3257900",89,1,7,1,1990,2,1,NA
700,"R3259500",81,1,7,1,1990,3,1,NA
701,"R3259600",82,1,7,1,1990,3,1,NA
702,"R3259700",89,1,7,1,1990,3,1,NA
703,"R3261300",81,1,7,1,1990,4,1,NA
704,"R3261400",82,1,7,1,1990,4,1,NA
705,"R3261500",89,1,7,1,1990,4,1,NA
706,"R3263100",81,1,7,1,1990,5,1,NA
707,"R3263200",82,1,7,1,1990,5,1,NA
708,"R3263300",89,1,7,1,1990,5,1,NA
709,"R3264900",81,1,7,1,1990,6,1,NA
710,"R3265000",82,1,7,1,1990,6,1,NA
711,"R3265100",89,1,7,1,1990,6,1,NA
712,"R3266700",81,1,7,1,1990,7,1,NA
713,"R3266800",82,1,7,1,1990,7,1,NA
714,"R3266900",89,1,7,1,1990,7,1,NA
715,"R3268500",81,1,7,1,1990,8,1,"Alive & Distance weren't asked for 8th"
833,"R3772200",86,1,7,1,1992,1,1,""
834,"R3772300",87,1,7,1,1992,1,1,""
835,"R3774300",86,1,7,1,1992,2,1,""
836,"R3774400",87,1,7,1,1992,2,1,""
837,"R3776400",86,1,7,1,1992,3,1,""
838,"R3776500",87,1,7,1,1992,3,1,""
839,"R3778500",86,1,7,1,1992,4,1,""
840,"R3778600",87,1,7,1,1992,4,1,""
841,"R3780600",86,1,7,1,1992,5,1,""
842,"R3780700",87,1,7,1,1992,5,1,""
843,"R4277200",86,1,7,1,1993,1,1,""
844,"R4277201",87,1,7,1,1993,1,1,""
845,"R4278100",86,1,7,1,1993,2,1,""
846,"R4278101",87,1,7,1,1993,2,1,""
847,"R4279000",86,1,7,1,1993,3,1,""
848,"R4279001",87,1,7,1,1993,3,1,""
849,"R4279900",86,1,7,1,1993,4,1,""
850,"R4279901",87,1,7,1,1993,4,1,""
851,"R4280800",86,1,7,1,1993,5,1,""
852,"R4280801",87,1,7,1,1993,5,1,"Last of the 2 digit years"
853,"R4828000",86,1,7,1,1994,1,1,""
854,"R4828001",88,1,7,1,1994,1,1,"First of the 4 digit years"
855,"R4831000",86,1,7,1,1994,2,1,""
856,"R4831001",88,1,7,1,1994,2,1,""
857,"R4834000",86,1,7,1,1994,3,1,""
858,"R4834001",88,1,7,1,1994,3,1,""
859,"R4837000",86,1,7,1,1994,4,1,""
860,"R4837001",88,1,7,1,1994,4,1,""
861,"R4840000",86,1,7,1,1994,5,1,""
862,"R4840001",88,1,7,1,1994,5,1,""
863,"R5498400",86,1,7,1,1996,1,1,""
864,"R5498401",88,1,7,1,1996,1,1,""
865,"R5501400",86,1,7,1,1996,2,1,""
866,"R5501401",88,1,7,1,1996,2,1,""
867,"R5504400",86,1,7,1,1996,3,1,""
868,"R5504401",88,1,7,1,1996,3,1,""
869,"R5507400",86,1,7,1,1996,4,1,""
870,"R5507401",88,1,7,1,1996,4,1,""
871,"R5510400",86,1,7,1,1996,5,1,""
872,"R5510401",88,1,7,1,1996,5,1,""
873,"R6222800",86,1,7,1,1998,1,1,""
874,"R6222801",88,1,7,1,1998,1,1,""
875,"R6222900",86,1,7,1,1998,2,1,""
876,"R6222901",88,1,7,1,1998,2,1,""
877,"R6223000",86,1,7,1,1998,3,1,""
878,"R6223001",88,1,7,1,1998,3,1,""
879,"R6223100",86,1,7,1,1998,4,1,""
880,"R6223101",88,1,7,1,1998,4,1,""
881,"R6223200",86,1,7,1,1998,5,1,""
882,"R6223201",88,1,7,1,1998,5,1,""
883,"R6223300",86,1,7,1,1998,6,1,""
884,"R6223301",88,1,7,1,1998,6,1,""
885,"R6776300",86,1,7,1,2000,1,1,""
886,"R6776301",88,1,7,1,2000,1,1,""
887,"R6776400",86,1,7,1,2000,2,1,""
888,"R6776401",88,1,7,1,2000,2,1,""
889,"R6776500",86,1,7,1,2000,3,1,""
890,"R6776501",88,1,7,1,2000,3,1,""
891,"R6776600",86,1,7,1,2000,4,1,""
892,"R6776601",88,1,7,1,2000,4,1,""
893,"R6776700",86,1,7,1,2000,5,1,""
894,"R6776701",88,1,7,1,2000,5,1,""
895,"R6776800",86,1,7,1,2000,6,1,""
896,"R6776801",88,1,7,1,2000,6,1,""
897,"R7420700",86,1,7,1,2002,1,1,""
898,"R7420701",88,1,7,1,2002,1,1,""
899,"R7420800",86,1,7,1,2002,2,1,""
900,"R7420801",88,1,7,1,2002,2,1,""
901,"R7420900",86,1,7,1,2002,3,1,""
902,"R7420901",88,1,7,1,2002,3,1,""
903,"R7421000",86,1,7,1,2002,4,1,""
904,"R7421001",88,1,7,1,2002,4,1,""
905,"R7421100",86,1,7,1,2002,5,1,""
906,"R7421101",88,1,7,1,2002,5,1,""
907,"R7421200",86,1,7,1,2002,6,1,""
908,"R7421201",88,1,7,1,2002,6,1,""
909,"R7421300",86,1,7,1,2002,7,1,""
910,"R7421301",88,1,7,1,2002,7,1,""
911,"R8119000",86,1,7,1,2004,1,1,""
912,"R8119001",88,1,7,1,2004,1,1,""
913,"R8119100",86,1,7,1,2004,2,1,""
914,"R8119101",88,1,7,1,2004,2,1,""
915,"R8119200",86,1,7,1,2004,3,1,""
916,"R8119201",88,1,7,1,2004,3,1,""
917,"R8119300",86,1,7,1,2004,4,1,""
918,"R8119301",88,1,7,1,2004,4,1,""
919,"R8119400",86,1,7,1,2004,5,1,""
920,"R8119401",88,1,7,1,2004,5,1,""
921,"R8119500",86,1,7,1,2004,7,1,"Skipped Child 6"
922,"R8119501",88,1,7,1,2004,7,1,""
923,"T0351100",86,1,7,1,2006,1,1,""
924,"T0351101",88,1,7,1,2006,1,1,""
925,"T0351200",86,1,7,1,2006,2,1,""
926,"T0351201",88,1,7,1,2006,2,1,""
927,"T0351300",86,1,7,1,2006,3,1,""
928,"T0351301",88,1,7,1,2006,3,1,""
929,"T0351400",86,1,7,1,2006,4,1,""
930,"T0351401",88,1,7,1,2006,4,1,""
931,"T0351500",86,1,7,1,2006,5,1,""
932,"T0351501",88,1,7,1,2006,5,1,""
933,"T0351600",86,1,7,1,2006,6,1,""
934,"T0351601",88,1,7,1,2006,6,1,""
935,"T0351700",86,1,7,1,2006,7,1,""
936,"T0351701",88,1,7,1,2006,7,1,""
937,"T0351800",86,1,7,1,2006,8,1,""
938,"T0351801",88,1,7,1,2006,8,1,""
939,"T1500500",86,1,7,1,2008,1,1,""
940,"T1500501",88,1,7,1,2008,1,1,""
941,"T1500600",86,1,7,1,2008,2,1,""
942,"T1500601",88,1,7,1,2008,2,1,""
943,"T1500700",86,1,7,1,2008,3,1,""
944,"T1500701",88,1,7,1,2008,3,1,""
945,"T1500800",86,1,7,1,2008,4,1,""
946,"T1500801",88,1,7,1,2008,4,1,""
947,"T1500900",86,1,7,1,2008,5,1,""
948,"T1500901",88,1,7,1,2008,5,1,""
949,"T1501000",86,1,7,1,2008,6,1,""
950,"T1501001",88,1,7,1,2008,6,1,""
1037,"R3772400",89,1,7,1,1992,1,1,NA
1038,"R3774500",89,1,7,1,1992,2,1,NA
1039,"R3776600",89,1,7,1,1992,3,1,NA
1040,"R3778700",89,1,7,1,1992,4,1,NA
1041,"R3780800",89,1,7,1,1992,5,1,NA
1042,"R3782900",89,1,7,1,1992,6,1,NA
1043,"R3785000",89,1,7,1,1992,7,1,NA
1044,"R4828100",89,1,7,1,1994,1,1,NA
1045,"R4831100",89,1,7,1,1994,2,1,NA
1046,"R4834100",89,1,7,1,1994,3,1,NA
1047,"R4837100",89,1,7,1,1994,4,1,NA
1048,"R4840100",89,1,7,1,1994,5,1,NA
1049,"R4842900",89,1,7,1,1994,6,1,NA
1050,"R4845200",89,1,7,1,1994,7,1,NA
1051,"R4847400",89,1,7,1,1994,8,1,NA
1052,"R5498500",89,1,7,1,1996,1,1,NA
1053,"R5501500",89,1,7,1,1996,2,1,NA
1054,"R5504500",89,1,7,1,1996,3,1,NA
1055,"R5507500",89,1,7,1,1996,4,1,NA
1056,"R5510500",89,1,7,1,1996,5,1,NA
1057,"R5513400",89,1,7,1,1996,6,1,NA
1058,"R5515700",89,1,7,1,1996,7,1,NA
1059,"R5517900",89,1,7,1,1996,8,1,NA
1060,"R5520200",89,1,7,1,1996,9,1,NA
1061,"R6223400",89,1,7,1,1998,1,1,NA
1062,"R6223500",89,1,7,1,1998,2,1,NA
1063,"R6223600",89,1,7,1,1998,3,1,NA
1064,"R6223700",89,1,7,1,1998,4,1,NA
1065,"R6223800",89,1,7,1,1998,5,1,NA
1066,"R6223900",89,1,7,1,1998,6,1,NA
1067,"R6224000",89,1,7,1,1998,7,1,NA
1068,"R6224100",89,1,7,1,1998,8,1,NA
1069,"R6224200",89,1,7,1,1998,9,1,NA
1070,"R6224300",89,1,7,1,1998,10,1,NA
1071,"R6776900",89,1,7,1,2000,1,1,NA
1072,"R6777000",89,1,7,1,2000,2,1,NA
1073,"R6777100",89,1,7,1,2000,3,1,NA
1074,"R6777200",89,1,7,1,2000,4,1,NA
1075,"R6777300",89,1,7,1,2000,5,1,NA
1076,"R6777400",89,1,7,1,2000,6,1,NA
1077,"R6777500",89,1,7,1,2000,7,1,NA
1078,"R6777600",89,1,7,1,2000,8,1,NA
1079,"R6777700",89,1,7,1,2000,9,1,NA
1080,"R6777800",89,1,7,1,2000,10,1,NA
1081,"R7421400",89,1,7,1,2002,1,1,NA
1082,"R7421500",89,1,7,1,2002,2,1,NA
1083,"R7421600",89,1,7,1,2002,3,1,NA
1084,"R7421700",89,1,7,1,2002,4,1,NA
1085,"R7421800",89,1,7,1,2002,5,1,NA
1086,"R7421900",89,1,7,1,2002,6,1,NA
1087,"R7422000",89,1,7,1,2002,7,1,NA
1088,"R7422100",89,1,7,1,2002,8,1,NA
1089,"R7422200",89,1,7,1,2002,9,1,NA
1090,"R7422300",89,1,7,1,2002,10,1,NA
1091,"R8119600",89,1,7,1,2004,1,1,NA
1092,"R8119700",89,1,7,1,2004,2,1,NA
1093,"R8119800",89,1,7,1,2004,3,1,NA
1094,"R8119900",89,1,7,1,2004,4,1,NA
1095,"R8120000",89,1,7,1,2004,5,1,NA
1096,"R8120100",89,1,7,1,2004,6,1,NA
1097,"R8120200",89,1,7,1,2004,7,1,NA
1098,"R8120300",89,1,7,1,2004,8,1,NA
1099,"R8120400",89,1,7,1,2004,9,1,NA
1100,"R8120500",89,1,7,1,2004,10,1,NA
1101,"T0351900",89,1,7,1,2006,1,1,NA
1102,"T0352000",89,1,7,1,2006,2,1,NA
1103,"T0352100",89,1,7,1,2006,3,1,NA
1104,"T0352200",89,1,7,1,2006,4,1,NA
1105,"T0352300",89,1,7,1,2006,5,1,NA
1106,"T0352400",89,1,7,1,2006,6,1,NA
1107,"T0352500",89,1,7,1,2006,7,1,NA
1108,"T0352600",89,1,7,1,2006,8,1,NA
1109,"T0352700",89,1,7,1,2006,9,1,NA
1110,"T0352800",89,1,7,1,2006,10,1,NA
1111,"T0352900",89,1,7,1,2006,11,1,NA
1112,"T1501100",89,1,7,1,2008,1,1,NA
1113,"T1501200",89,1,7,1,2008,2,1,NA
1114,"T1501300",89,1,7,1,2008,3,1,NA
1115,"T1501400",89,1,7,1,2008,4,1,NA
1116,"T1501500",89,1,7,1,2008,5,1,NA
1117,"T1501600",89,1,7,1,2008,6,1,NA
1118,"T1501700",89,1,7,1,2008,7,1,NA
1119,"T1501800",89,1,7,1,2008,8,1,NA
1120,"T1501900",89,1,7,1,2008,9,1,NA
1121,"T1502000",89,1,7,1,2008,10,1,NA
1122,"T1502100",89,1,7,1,2008,11,1,NA
1123,"R3771900",82,1,7,1,1992,1,1,NA
1124,"R3774000",82,1,7,1,1992,2,1,NA
1125,"R3776100",82,1,7,1,1992,3,1,NA
1126,"R3778200",82,1,7,1,1992,4,1,NA
1127,"R3780300",82,1,7,1,1992,5,1,NA
1128,"R3782400",82,1,7,1,1992,6,1,NA
1129,"R3784500",82,1,7,1,1992,7,1,NA
1130,"R4276900",82,1,7,1,1993,1,1,NA
1131,"R4277800",82,1,7,1,1993,2,1,NA
1132,"R4278700",82,1,7,1,1993,3,1,NA
1133,"R4279600",82,1,7,1,1993,4,1,NA
1134,"R4280500",82,1,7,1,1993,5,1,NA
1135,"R4281400",82,1,7,1,1993,6,1,NA
1136,"R4282200",82,1,7,1,1993,7,1,NA
1137,"R4827700",82,1,7,1,1994,1,1,NA
1138,"R4830700",82,1,7,1,1994,2,1,NA
1139,"R4833700",82,1,7,1,1994,3,1,NA
1140,"R4836700",82,1,7,1,1994,4,1,NA
1141,"R4839700",82,1,7,1,1994,5,1,NA
1142,"R4842600",82,1,7,1,1994,6,1,NA
1143,"R4844900",82,1,7,1,1994,7,1,NA
1144,"R4847200",82,1,7,1,1994,8,1,NA
1145,"R5498100",82,1,7,1,1996,1,1,NA
1146,"R5501100",82,1,7,1,1996,2,1,NA
1147,"R5504100",82,1,7,1,1996,3,1,NA
1148,"R5507100",82,1,7,1,1996,4,1,NA
1149,"R5510100",82,1,7,1,1996,5,1,NA
1150,"R5513100",82,1,7,1,1996,6,1,NA
1151,"R5515400",82,1,7,1,1996,7,1,NA
1152,"R5517700",82,1,7,1,1996,8,1,NA
1153,"R5519900",82,1,7,1,1996,9,1,NA
1154,"R6219500",82,1,7,1,1998,1,1,NA
1155,"R6219600",82,1,7,1,1998,2,1,NA
1156,"R6219700",82,1,7,1,1998,3,1,NA
1157,"R6219800",82,1,7,1,1998,4,1,NA
1158,"R6219900",82,1,7,1,1998,5,1,NA
1159,"R6220000",82,1,7,1,1998,6,1,NA
1160,"R6220100",82,1,7,1,1998,7,1,NA
1161,"R6220200",82,1,7,1,1998,8,1,NA
1162,"R6220300",82,1,7,1,1998,9,1,NA
1163,"R6220400",82,1,7,1,1998,10,1,NA
1164,"R6773500",82,1,7,1,2000,1,1,NA
1165,"R6773600",82,1,7,1,2000,2,1,NA
1166,"R6773700",82,1,7,1,2000,3,1,NA
1167,"R6773800",82,1,7,1,2000,4,1,NA
1168,"R6773900",82,1,7,1,2000,5,1,NA
1169,"R6774000",82,1,7,1,2000,6,1,NA
1170,"R6774100",82,1,7,1,2000,7,1,NA
1171,"R6774200",82,1,7,1,2000,8,1,NA
1172,"R6774300",82,1,7,1,2000,9,1,NA
1173,"R6774400",82,1,7,1,2000,10,1,NA
1174,"R7417900",82,1,7,1,2002,1,1,NA
1175,"R7418000",82,1,7,1,2002,2,1,NA
1176,"R7418100",82,1,7,1,2002,3,1,NA
1177,"R7418200",82,1,7,1,2002,4,1,NA
1178,"R7418300",82,1,7,1,2002,5,1,NA
1179,"R7418400",82,1,7,1,2002,6,1,NA
1180,"R7418500",82,1,7,1,2002,7,1,NA
1181,"R7418600",82,1,7,1,2002,8,1,NA
1182,"R7418700",82,1,7,1,2002,9,1,NA
1183,"R7418800",82,1,7,1,2002,10,1,NA
1184,"R8116000",82,1,7,1,2004,1,1,NA
1185,"R8116100",82,1,7,1,2004,2,1,NA
1186,"R8116200",82,1,7,1,2004,3,1,NA
1187,"R8116300",82,1,7,1,2004,4,1,NA
1188,"R8116400",82,1,7,1,2004,5,1,NA
1189,"R8116500",82,1,7,1,2004,6,1,NA
1190,"R8116600",82,1,7,1,2004,7,1,NA
1191,"R8116700",82,1,7,1,2004,8,1,NA
1192,"R8116800",82,1,7,1,2004,9,1,NA
1193,"R8116900",82,1,7,1,2004,10,1,NA
1194,"T0347900",82,1,7,1,2006,1,1,NA
1195,"T0348000",82,1,7,1,2006,2,1,NA
1196,"T0348100",82,1,7,1,2006,3,1,NA
1197,"T0348200",82,1,7,1,2006,4,1,NA
1198,"T0348300",82,1,7,1,2006,5,1,NA
1199,"T0348400",82,1,7,1,2006,6,1,NA
1200,"T0348500",82,1,7,1,2006,7,1,NA
1201,"T0348600",82,1,7,1,2006,8,1,NA
1202,"T0348700",82,1,7,1,2006,9,1,NA
1203,"T0348800",82,1,7,1,2006,10,1,NA
1204,"T1497300",82,1,7,1,2008,1,1,NA
1205,"T1497400",82,1,7,1,2008,2,1,NA
1206,"T1497500",82,1,7,1,2008,3,1,NA
1207,"T1497600",82,1,7,1,2008,4,1,NA
1208,"T1497700",82,1,7,1,2008,5,1,NA
1209,"T1497800",82,1,7,1,2008,6,1,NA
1210,"T1497900",82,1,7,1,2008,7,1,NA
1211,"T1498000",82,1,7,1,2008,8,1,NA
1212,"T1498100",82,1,7,1,2008,9,1,NA
1213,"T1498200",82,1,7,1,2008,10,1,NA
1214,"R3771800",81,1,7,1,1992,1,1,""
1215,"R3773900",81,1,7,1,1992,2,1,""
1216,"R3776000",81,1,7,1,1992,3,1,""
1217,"R3778100",81,1,7,1,1992,4,1,""
1218,"R3780200",81,1,7,1,1992,5,1,""
1219,"R3782300",81,1,7,1,1992,6,1,""
1220,"R3784400",81,1,7,1,1992,7,1,""
1221,"R3786500",81,1,7,1,1992,8,1,""
1222,"R3788004",81,1,7,1,1992,9,1,"note  the '04' suffix in the variable code"
1223,"R4276800",81,1,7,1,1993,1,1,""
1224,"R4277700",81,1,7,1,1993,2,1,""
1225,"R4278600",81,1,7,1,1993,3,1,""
1226,"R4279500",81,1,7,1,1993,4,1,""
1227,"R4280400",81,1,7,1,1993,5,1,""
1228,"R4281300",81,1,7,1,1993,6,1,""
1229,"R4282100",81,1,7,1,1993,7,1,""
1230,"R4282900",81,1,7,1,1993,8,1,""
1231,"R4283600",81,1,7,1,1993,9,1,""
1232,"R4827600",81,1,7,1,1994,1,1,""
1233,"R4830600",81,1,7,1,1994,2,1,""
1234,"R4833600",81,1,7,1,1994,3,1,""
1235,"R4836600",81,1,7,1,1994,4,1,""
1236,"R4839600",81,1,7,1,1994,5,1,""
1237,"R4842500",81,1,7,1,1994,6,1,""
1238,"R4844800",81,1,7,1,1994,7,1,""
1239,"R4847100",81,1,7,1,1994,8,1,"no 9th"
1240,"R5498000",81,1,7,1,1996,1,1,""
1241,"R5501000",81,1,7,1,1996,2,1,""
1242,"R5504000",81,1,7,1,1996,3,1,""
1243,"R5507000",81,1,7,1,1996,4,1,""
1244,"R5510000",81,1,7,1,1996,5,1,""
1245,"R5513000",81,1,7,1,1996,6,1,""
1246,"R5515300",81,1,7,1,1996,7,1,""
1247,"R5517600",81,1,7,1,1996,8,1,""
1248,"R5519800",81,1,7,1,1996,9,1,""
1249,"R6218400",81,1,7,1,1998,1,1,""
1250,"R6218500",81,1,7,1,1998,2,1,""
1251,"R6218600",81,1,7,1,1998,3,1,""
1252,"R6218700",81,1,7,1,1998,4,1,""
1253,"R6218800",81,1,7,1,1998,5,1,""
1254,"R6218900",81,1,7,1,1998,6,1,""
1255,"R6219000",81,1,7,1,1998,7,1,""
1256,"R6219100",81,1,7,1,1998,8,1,""
1257,"R6219200",81,1,7,1,1998,9,1,""
1258,"R6219300",81,1,7,1,1998,10,1,""
1259,"R6771600",81,1,7,1,2000,1,1,""
1260,"R6771700",81,1,7,1,2000,2,1,""
1261,"R6771800",81,1,7,1,2000,3,1,""
1262,"R6771900",81,1,7,1,2000,4,1,""
1263,"R6772000",81,1,7,1,2000,5,1,""
1264,"R6772100",81,1,7,1,2000,6,1,""
1265,"R6772200",81,1,7,1,2000,7,1,""
1266,"R6772300",81,1,7,1,2000,8,1,""
1267,"R6772400",81,1,7,1,2000,9,1,""
1268,"R6772500",81,1,7,1,2000,10,1,""
1269,"R7415900",81,1,7,1,2002,1,1,""
1270,"R7416000",81,1,7,1,2002,2,1,""
1271,"R7416100",81,1,7,1,2002,3,1,""
1272,"R7416200",81,1,7,1,2002,4,1,""
1273,"R7416300",81,1,7,1,2002,5,1,""
1274,"R7416400",81,1,7,1,2002,6,1,""
1275,"R7416500",81,1,7,1,2002,7,1,""
1276,"R7416600",81,1,7,1,2002,8,1,""
1277,"R7416700",81,1,7,1,2002,9,1,""
1278,"R7416800",81,1,7,1,2002,10,1,""
1279,"R8114000",81,1,7,1,2004,1,1,""
1280,"R8114100",81,1,7,1,2004,2,1,""
1281,"R8114200",81,1,7,1,2004,3,1,""
1282,"R8114300",81,1,7,1,2004,4,1,""
1283,"R8114400",81,1,7,1,2004,5,1,""
1284,"R8114500",81,1,7,1,2004,6,1,""
1285,"R8114600",81,1,7,1,2004,7,1,""
1286,"R8114700",81,1,7,1,2004,8,1,""
1287,"R8114800",81,1,7,1,2004,9,1,""
1288,"R8114900",81,1,7,1,2004,10,1,""
1289,"T0345800",81,1,7,1,2006,1,1,""
1290,"T0345900",81,1,7,1,2006,2,1,""
1291,"T0346000",81,1,7,1,2006,3,1,""
1292,"T0346100",81,1,7,1,2006,4,1,""
1293,"T0346200",81,1,7,1,2006,5,1,""
1294,"T0346300",81,1,7,1,2006,6,1,""
1295,"T0346400",81,1,7,1,2006,7,1,""
1296,"T0346500",81,1,7,1,2006,8,1,""
1297,"T0346600",81,1,7,1,2006,9,1,""
1298,"T0346700",81,1,7,1,2006,10,1,""
1299,"T1495300",81,1,7,1,2008,2,1,""
1300,"T1495400",81,1,7,1,2008,3,1,""
1301,"T1495500",81,1,7,1,2008,4,1,""
1302,"T1495600",81,1,7,1,2008,5,1,""
1303,"T1495700",81,1,7,1,2008,6,1,""
1304,"T1495800",81,1,7,1,2008,7,1,""
1305,"T1495900",81,1,7,1,2008,8,1,""
1306,"T1496000",81,1,7,1,2008,9,1,""
1307,"T1496100",81,1,7,1,2008,10,1,""
1308,"T1496200",81,1,7,1,2008,11,1,""
1309,"R6220600",83,1,7,1,1998,1,1,NA
1310,"R6220700",83,1,7,1,1998,2,1,NA
1311,"R6220800",83,1,7,1,1998,3,1,NA
1312,"R6220900",83,1,7,1,1998,4,1,NA
1313,"R6221000",83,1,7,1,1998,5,1,NA
1314,"R6221100",83,1,7,1,1998,6,1,NA
1315,"R6221200",83,1,7,1,1998,7,1,NA
1316,"R6221300",83,1,7,1,1998,8,1,NA
1317,"R6221400",83,1,7,1,1998,9,1,NA
1318,"R6221500",83,1,7,1,1998,10,1,NA
1319,"R6774500",83,1,7,1,2000,1,1,NA
1320,"R6774600",83,1,7,1,2000,2,1,NA
1321,"R6774700",83,1,7,1,2000,3,1,NA
1322,"R6774800",83,1,7,1,2000,4,1,NA
1323,"R6774900",83,1,7,1,2000,5,1,NA
1324,"R6775000",83,1,7,1,2000,6,1,NA
1325,"R6775100",83,1,7,1,2000,7,1,NA
1326,"R6775200",83,1,7,1,2000,8,1,NA
1327,"R6775300",83,1,7,1,2000,9,1,NA
1328,"R6775400",83,1,7,1,2000,10,1,NA
1329,"R7418900",83,1,7,1,2002,1,1,NA
1330,"R7419000",83,1,7,1,2002,2,1,NA
1331,"R7419100",83,1,7,1,2002,3,1,NA
1332,"R7419200",83,1,7,1,2002,4,1,NA
1333,"R7419300",83,1,7,1,2002,5,1,NA
1334,"R7419400",83,1,7,1,2002,6,1,NA
1335,"R7419500",83,1,7,1,2002,7,1,NA
1336,"R7419600",83,1,7,1,2002,8,1,NA
1337,"R7419700",83,1,7,1,2002,9,1,NA
1338,"R7419800",83,1,7,1,2002,10,1,NA
1339,"R8117000",83,1,7,1,2004,1,1,NA
1340,"R8117100",83,1,7,1,2004,2,1,NA
1341,"R8117200",83,1,7,1,2004,3,1,NA
1342,"R8117300",83,1,7,1,2004,4,1,NA
1343,"R8117400",83,1,7,1,2004,5,1,NA
1344,"R8117500",83,1,7,1,2004,6,1,NA
1345,"R8117600",83,1,7,1,2004,7,1,NA
1346,"R8117700",83,1,7,1,2004,8,1,NA
1347,"R8117800",83,1,7,1,2004,9,1,NA
1348,"R8117900",83,1,7,1,2004,10,1,NA
1349,"T0349000",83,1,7,1,2006,1,1,NA
1350,"T0349100",83,1,7,1,2006,2,1,NA
1351,"T0349200",83,1,7,1,2006,3,1,NA
1352,"T0349300",83,1,7,1,2006,4,1,NA
1353,"T0349400",83,1,7,1,2006,5,1,NA
1354,"T0349500",83,1,7,1,2006,6,1,NA
1355,"T0349600",83,1,7,1,2006,7,1,NA
1356,"T0349700",83,1,7,1,2006,8,1,NA
1357,"T0349800",83,1,7,1,2006,9,1,NA
1358,"T0349900",83,1,7,1,2006,10,1,NA
1359,"T0350000",83,1,7,1,2006,11,1,NA
1360,"T1498400",83,1,7,1,2008,1,1,NA
1361,"T1498500",83,1,7,1,2008,2,1,NA
1362,"T1498600",83,1,7,1,2008,3,1,NA
1363,"T1498700",83,1,7,1,2008,4,1,NA
1364,"T1498800",83,1,7,1,2008,5,1,NA
1365,"T1498900",83,1,7,1,2008,6,1,NA
1366,"T1499000",83,1,7,1,2008,7,1,NA
1367,"T1499100",83,1,7,1,2008,8,1,NA
1368,"T1499200",83,1,7,1,2008,9,1,NA
1369,"T1499300",83,1,7,1,2008,10,1,NA
1370,"T1499400",83,1,7,1,2008,11,1,NA
1429,"R6221700",84,1,7,1,1998,1,1,NA
1430,"R6221800",84,1,7,1,1998,2,1,NA
1431,"R6221900",84,1,7,1,1998,3,1,NA
1432,"R6222000",84,1,7,1,1998,4,1,NA
1433,"R6222100",84,1,7,1,1998,5,1,NA
1434,"R6222200",84,1,7,1,1998,6,1,NA
1435,"R6222300",84,1,7,1,1998,7,1,NA
1436,"R6222400",84,1,7,1,1998,8,1,NA
1437,"R6222500",84,1,7,1,1998,9,1,NA
1438,"R6222600",84,1,7,1,1998,10,1,NA
1439,"R6775500",84,1,7,1,2000,1,1,NA
1440,"R6775600",84,1,7,1,2000,2,1,NA
1441,"R6775700",84,1,7,1,2000,3,1,NA
1442,"R6775800",84,1,7,1,2000,4,1,NA
1443,"R6775900",84,1,7,1,2000,5,1,NA
1444,"R6776000",84,1,7,1,2000,6,1,NA
1445,"R6776100",84,1,7,1,2000,7,1,NA
1446,"R6776200",84,1,7,1,2000,8,1,NA
1447,"R7419900",84,1,7,1,2002,1,1,""
1448,"R7420000",84,1,7,1,2002,2,1,NA
1449,"R7420100",84,1,7,1,2002,3,1,NA
1450,"R7420200",84,1,7,1,2002,4,1,NA
1451,"R7420300",84,1,7,1,2002,5,1,NA
1452,"R7420400",84,1,7,1,2002,6,1,NA
1453,"R7420500",84,1,7,1,2002,7,1,NA
1454,"R7420600",84,1,7,1,2002,8,1,NA
1457,"R8118000",84,1,7,1,2004,1,1,NA
1458,"R8118100",84,1,7,1,2004,2,1,NA
1459,"R8118200",84,1,7,1,2004,3,1,NA
1460,"R8118300",84,1,7,1,2004,4,1,NA
1461,"R8118400",84,1,7,1,2004,5,1,NA
1462,"R8118500",84,1,7,1,2004,6,1,NA
1463,"R8118600",84,1,7,1,2004,7,1,NA
1464,"R8118700",84,1,7,1,2004,8,1,NA
1465,"R8118800",84,1,7,1,2004,9,1,NA
1466,"R8118900",84,1,7,1,2004,10,1,NA
1467,"T0350100",84,1,7,1,2006,1,1,NA
1468,"T0350200",84,1,7,1,2006,2,1,NA
1469,"T0350300",84,1,7,1,2006,3,1,NA
1470,"T0350400",84,1,7,1,2006,4,1,NA
1471,"T0350500",84,1,7,1,2006,5,1,NA
1472,"T0350600",84,1,7,1,2006,6,1,NA
1473,"T0350700",84,1,7,1,2006,7,1,NA
1474,"T0350800",84,1,7,1,2006,8,1,NA
1475,"T0350900",84,1,7,1,2006,9,1,NA
1476,"T0351000",84,1,7,1,2006,10,1,NA
1477,"T1499500",84,1,7,1,2008,1,1,NA
1478,"T1499600",84,1,7,1,2008,2,1,NA
1479,"T1499700",84,1,7,1,2008,3,1,NA
1480,"T1499800",84,1,7,1,2008,4,1,NA
1481,"T1499900",84,1,7,1,2008,5,1,NA
1482,"T1500000",84,1,7,1,2008,6,1,NA
1483,"T1500100",84,1,7,1,2008,7,1,NA
1484,"T1500200",84,1,7,1,2008,8,1,NA
1485,"T1500300",84,1,7,1,2008,9,1,NA
1486,"T1500400",84,1,7,1,2008,10,1,NA
1487,"R6221701",85,1,7,1,1998,1,1,NA
1488,"R6221801",85,1,7,1,1998,2,1,NA
1489,"R6221901",85,1,7,1,1998,3,1,NA
1490,"R6222001",85,1,7,1,1998,4,1,NA
1491,"R6222101",85,1,7,1,1998,5,1,NA
1492,"R6222201",85,1,7,1,1998,6,1,NA
1493,"R6222301",85,1,7,1,1998,7,1,NA
1494,"R6222401",85,1,7,1,1998,8,1,NA
1495,"R6222501",85,1,7,1,1998,9,1,NA
1496,"R6222601",85,1,7,1,1998,10,1,NA
1497,"R6775501",85,1,7,1,2000,1,1,NA
1498,"R6775601",85,1,7,1,2000,2,1,NA
1499,"R6775701",85,1,7,1,2000,3,1,NA
1500,"R6775801",85,1,7,1,2000,4,1,NA
1501,"R6775901",85,1,7,1,2000,5,1,NA
1502,"R6776001",85,1,7,1,2000,6,1,NA
1503,"R6776101",85,1,7,1,2000,7,1,NA
1504,"R6776201",85,1,7,1,2000,8,1,NA
1505,"R7419901",85,1,7,1,2002,1,1,NA
1506,"R7420001",85,1,7,1,2002,2,1,NA
1507,"R7420101",85,1,7,1,2002,3,1,NA
1508,"R7420201",85,1,7,1,2002,4,1,NA
1509,"R7420301",85,1,7,1,2002,5,1,NA
1510,"R7420401",85,1,7,1,2002,6,1,NA
1511,"R7420501",85,1,7,1,2002,7,1,NA
1512,"R7420601",85,1,7,1,2002,8,1,NA
1513,"R8118001",85,1,7,1,2004,1,1,NA
1514,"R8118101",85,1,7,1,2004,2,1,NA
1515,"R8118201",85,1,7,1,2004,3,1,NA
1516,"R8118301",85,1,7,1,2004,4,1,NA
1517,"R8118401",85,1,7,1,2004,5,1,NA
1518,"R8118501",85,1,7,1,2004,6,1,NA
1519,"R8118601",85,1,7,1,2004,7,1,NA
1520,"R8118701",85,1,7,1,2004,8,1,NA
1521,"R8118801",85,1,7,1,2004,9,1,NA
1522,"R8118901",85,1,7,1,2004,10,1,NA
1523,"T0350101",85,1,7,1,2006,1,1,NA
1524,"T0350201",85,1,7,1,2006,2,1,NA
1525,"T0350301",85,1,7,1,2006,3,1,NA
1526,"T0350401",85,1,7,1,2006,4,1,NA
1527,"T0350501",85,1,7,1,2006,5,1,NA
1528,"T0350601",85,1,7,1,2006,6,1,NA
1529,"T0350701",85,1,7,1,2006,7,1,NA
1530,"T0350801",85,1,7,1,2006,8,1,NA
1531,"T0350901",85,1,7,1,2006,9,1,NA
1532,"T0351001",85,1,7,1,2006,10,1,NA
1533,"T1499501",85,1,7,1,2008,1,1,NA
1534,"T1499601",85,1,7,1,2008,2,1,NA
1535,"T1499701",85,1,7,1,2008,3,1,NA
1536,"T1499801",85,1,7,1,2008,4,1,NA
1537,"T1499901",85,1,7,1,2008,5,1,NA
1538,"T1500001",85,1,7,1,2008,6,1,NA
1539,"T1500101",85,1,7,1,2008,7,1,NA
1540,"T1500201",85,1,7,1,2008,8,1,NA
1541,"T1500301",85,1,7,1,2008,9,1,NA
1542,"T1500401",85,1,7,1,2008,10,1,NA
1543,"R3772000",91,1,7,1,1992,1,1,NA
1544,"R3774100",91,1,7,1,1992,2,1,NA
1545,"R3776200",91,1,7,1,1992,3,1,NA
1546,"R3778300",91,1,7,1,1992,4,1,NA
1547,"R3780400",91,1,7,1,1992,5,1,NA
1548,"R3782500",91,1,7,1,1992,6,1,NA
1549,"R3784600",91,1,7,1,1992,7,1,NA
1550,"R4277100",84,1,7,1,1993,1,1,NA
1551,"R4278000",84,1,7,1,1993,2,1,NA
1552,"R4278900",84,1,7,1,1993,3,1,NA
1553,"R4279800",84,1,7,1,1993,4,1,NA
1554,"R4280700",84,1,7,1,1993,5,1,NA
1555,"R4281600",84,1,7,1,1993,6,1,NA
1556,"R4282400",84,1,7,1,1993,7,1,NA
1557,"R4827900",84,1,7,1,1994,1,1,NA
1558,"R4830900",84,1,7,1,1994,2,1,NA
1559,"R4833900",84,1,7,1,1994,3,1,NA
1560,"R4836900",84,1,7,1,1994,4,1,NA
1561,"R4839900",84,1,7,1,1994,5,1,NA
1562,"R4842800",84,1,7,1,1994,6,1,NA
1563,"R4845100",84,1,7,1,1994,7,1,NA
1564,"R5498300",84,1,7,1,1996,1,1,NA
1565,"R5501300",84,1,7,1,1996,2,1,NA
1566,"R5504300",84,1,7,1,1996,3,1,NA
1567,"R5507300",84,1,7,1,1996,4,1,NA
1568,"R5510300",84,1,7,1,1996,5,1,NA
1569,"R5513300",84,1,7,1,1996,6,1,NA
1570,"R5515600",84,1,7,1,1996,7,1,NA
1571,"R5520100",84,1,7,1,1996,9,1,"Skipped 8th"
1625,"R4277000",83,1,7,1,1993,1,1,NA
1626,"R4277900",83,1,7,1,1993,2,1,NA
1627,"R4278800",83,1,7,1,1993,3,1,NA
1628,"R4279700",83,1,7,1,1993,4,1,NA
1629,"R4280600",83,1,7,1,1993,5,1,NA
1630,"R4281500",83,1,7,1,1993,6,1,NA
1631,"R4282300",83,1,7,1,1993,7,1,NA
1632,"R4827800",83,1,7,1,1994,1,1,NA
1633,"R4830800",83,1,7,1,1994,2,1,NA
1634,"R4833800",83,1,7,1,1994,3,1,NA
1635,"R4836800",83,1,7,1,1994,4,1,NA
1636,"R4839800",83,1,7,1,1994,5,1,NA
1637,"R4842700",83,1,7,1,1994,6,1,NA
1638,"R4845000",83,1,7,1,1994,7,1,NA
1639,"R4847300",83,1,7,1,1994,8,1,NA
1640,"R5498200",83,1,7,1,1996,1,1,NA
1641,"R5501200",83,1,7,1,1996,2,1,NA
1642,"R5504200",83,1,7,1,1996,3,1,NA
1643,"R5507200",83,1,7,1,1996,4,1,NA
1644,"R5510200",83,1,7,1,1996,5,1,NA
1645,"R5513200",83,1,7,1,1996,6,1,NA
1646,"R5515500",83,1,7,1,1996,7,1,NA
1647,"R5517800",83,1,7,1,1996,8,1,NA
1648,"R5520000",83,1,7,1,1996,9,1,NA
1649,"R3772100",92,1,7,1,1992,1,1,""
1650,"R3774200",92,1,7,1,1992,2,1,""
1651,"R3776300",92,1,7,1,1992,3,1,""
1652,"R3778400",92,1,7,1,1992,4,1,""
1653,"R3780500",92,1,7,1,1992,5,1,""
1654,"R3782600",92,1,7,1,1992,6,1,""
1655,"R3784700",92,1,7,1,1992,7,1,""
1656,"R4277101",92,1,7,1,1993,1,1,""
1657,"R4278001",92,1,7,1,1993,2,1,""
1658,"R4278901",92,1,7,1,1993,3,1,""
1659,"R4279801",92,1,7,1,1993,4,1,""
1660,"R4280701",92,1,7,1,1993,5,1,""
1661,"R4281601",92,1,7,1,1993,6,1,""
1662,"R4282401",92,1,7,1,1993,7,1,""
1663,"R4827901",85,1,7,1,1994,1,1,""
1664,"R4830901",85,1,7,1,1994,2,1,""
1665,"R4833901",85,1,7,1,1994,3,1,""
1666,"R4836901",85,1,7,1,1994,4,1,""
1667,"R4839901",85,1,7,1,1994,5,1,""
1668,"R4842801",85,1,7,1,1994,6,1,""
1669,"R4845101",85,1,7,1,1994,7,1,""
1670,"R5498301",85,1,7,1,1996,1,1,""
1671,"R5501301",85,1,7,1,1996,2,1,""
1672,"R5504301",85,1,7,1,1996,3,1,""
1673,"R5507301",85,1,7,1,1996,4,1,""
1674,"R5510301",85,1,7,1,1996,5,1,""
1675,"R5513301",85,1,7,1,1996,6,1,""
1676,"R5515601",85,1,7,1,1996,7,1,""
1677,"R5520101",85,1,7,1,1996,9,1,"Skipped 8th"
1692,"T2260600",20,1,3,1,2010,0,1,"CURRENT DATE (DAY)"
1693,"T2260601",21,1,3,1,2010,0,1,""
1694,"T2260602",22,1,3,1,2010,0,1,""
1695,"T3108700",16,1,3,1,2010,0,1,""
1696,"T2541200",81,1,7,1,2010,1,1,NA
1697,"T2541300",81,1,7,1,2010,2,1,NA
1698,"T2541400",81,1,7,1,2010,3,1,NA
1699,"T2541500",81,1,7,1,2010,4,1,NA
1700,"T2541600",81,1,7,1,2010,5,1,NA
1701,"T2541700",81,1,7,1,2010,6,1,NA
1702,"T2541800",81,1,7,1,2010,7,1,NA
1703,"T2541900",81,1,7,1,2010,8,1,NA
1704,"T2542000",81,1,7,1,2010,9,1,NA
1705,"T2542100",81,1,7,1,2010,10,1,NA
1706,"T1498300",82,1,7,1,2008,11,1,""
1707,"T1495200",81,1,7,1,2008,1,1,""
1708,"T0346800",81,1,7,1,2006,11,1,""
1709,"T0348900",82,1,7,1,2006,11,1,""
1734,"T2543200",82,1,7,1,2010,1,1,""
1735,"T2543300",82,1,7,1,2010,2,1,""
1736,"T2543400",82,1,7,1,2010,3,1,""
1737,"T2543500",82,1,7,1,2010,4,1,""
1738,"T2543600",82,1,7,1,2010,5,1,""
1739,"T2543700",82,1,7,1,2010,6,1,""
1740,"T2543800",82,1,7,1,2010,7,1,""
1741,"T2543900",82,1,7,1,2010,8,1,""
1742,"T2544000",82,1,7,1,2010,9,1,""
1743,"T2544100",82,1,7,1,2010,10,1,""
1754,"T2544200",83,1,7,1,2010,1,1,NA
1755,"T2544300",83,1,7,1,2010,2,1,NA
1756,"T2544400",83,1,7,1,2010,3,1,NA
1757,"T2544500",83,1,7,1,2010,4,1,NA
1758,"T2544600",83,1,7,1,2010,5,1,NA
1759,"T2544700",83,1,7,1,2010,6,1,NA
1760,"T2544800",83,1,7,1,2010,7,1,NA
1761,"T2544900",83,1,7,1,2010,8,1,NA
1762,"T2545000",83,1,7,1,2010,9,1,NA
1763,"T2545100",83,1,7,1,2010,10,1,NA
1764,"T2545200",84,1,7,1,2010,1,1,""
1765,"T2545300",84,1,7,1,2010,2,1,""
1766,"T2545400",84,1,7,1,2010,3,1,""
1767,"T2545500",84,1,7,1,2010,4,1,""
1768,"T2545600",84,1,7,1,2010,5,1,""
1769,"T2545700",84,1,7,1,2010,6,1,""
1770,"T2545800",84,1,7,1,2010,7,1,""
1771,"T2545900",84,1,7,1,2010,8,1,""
1772,"T2546000",84,1,7,1,2010,10,1,""
1773,"T2545201",85,1,7,1,2010,1,1,NA
1774,"T2545301",85,1,7,1,2010,2,1,NA
1775,"T2545401",85,1,7,1,2010,3,1,NA
1776,"T2545501",85,1,7,1,2010,4,1,NA
1777,"T2545601",85,1,7,1,2010,5,1,NA
1778,"T2545701",85,1,7,1,2010,6,1,NA
1779,"T2545801",85,1,7,1,2010,7,1,NA
1780,"T2545901",85,1,7,1,2010,8,1,NA
1781,"T2546001",85,1,7,1,2010,10,1,NA
1796,"T2546100",86,1,7,1,2010,1,1,""
1797,"T2546101",88,1,7,1,2010,1,1,""
1798,"T2546200",86,1,7,1,2010,2,1,""
1799,"T2546201",88,1,7,1,2010,2,1,""
1800,"T2546300",86,1,7,1,2010,3,1,""
1801,"T2546301",88,1,7,1,2010,3,1,""
1802,"T2546400",86,1,7,1,2010,4,1,""
1803,"T2546401",88,1,7,1,2010,4,1,""
1804,"T2546500",86,1,7,1,2010,5,1,""
1805,"T2546501",88,1,7,1,2010,5,1,""
1806,"T2546600",86,1,7,1,2010,6,1,""
1807,"T2546601",88,1,7,1,2010,6,1,""
1808,"T2546700",86,1,7,1,2010,7,1,""
1809,"T2546701",88,1,7,1,2010,7,1,""
1810,"T2546800",89,1,7,1,2010,1,1,NA
1811,"T2546900",89,1,7,1,2010,2,1,NA
1812,"T2547000",89,1,7,1,2010,3,1,NA
1813,"T2547100",89,1,7,1,2010,4,1,NA
1814,"T2547200",89,1,7,1,2010,5,1,NA
1815,"T2547300",89,1,7,1,2010,6,1,NA
1816,"T2547400",89,1,7,1,2010,7,1,NA
1817,"T2547500",89,1,7,1,2010,8,1,NA
1818,"T2547600",89,1,7,1,2010,9,1,NA
1819,"T2547700",89,1,7,1,2010,10,1,NA
1820,"T2763400",90,1,7,1,2010,1,1,""
1821,"T2763500",90,1,7,1,2010,2,1,""
1822,"T2763600",90,1,7,1,2010,3,1,""
1823,"T2763700",90,1,7,1,2010,4,1,""
1824,"T2763800",90,1,7,1,2010,5,1,""
1825,"T2763900",90,1,7,1,2010,6,1,""
1826,"T2764000",90,1,7,1,2010,9,1,"Child7&8 Skipped"
1827,"T2533500",50,1,5,1,2010,1,1,NA
1828,"T2533600",50,1,5,1,2010,2,1,NA
1829,"T2533700",50,1,5,1,2010,3,1,NA
1830,"T2533800",52,1,5,1,2010,1,1,NA
1831,"T2533900",52,1,5,1,2010,2,1,NA
1832,"T2534000",52,1,5,1,2010,3,1,NA
1833,"T2534300",53,1,5,1,2010,1,1,""
1834,"T2534400",53,1,5,1,2010,2,1,""
1835,"T2534500",53,1,5,1,2010,3,1,""
1836,"T2534100",54,1,5,1,2010,1,1,NA
1837,"T2534200",54,1,5,1,2010,2,1,NA
1838,"Y2300400",20,2,4,3,2010,0,1,""
1839,"Y2300401",21,2,4,3,2010,0,1,""
1840,"Y2300402",22,2,4,3,2010,0,1,""
1841,"Y2311800",9,2,4,3,2010,1,1,NA
1842,"Y2311900",9,2,4,3,2010,2,1,NA
1843,"Y2312000",9,2,4,3,2010,3,1,NA
1844,"Y2312100",9,2,4,3,2010,4,1,NA
1845,"Y2312200",9,2,4,3,2010,5,1,NA
1846,"Y2312300",9,2,4,3,2010,6,1,NA
1847,"Y2312400",9,2,4,3,2010,7,1,NA
1848,"Y2312500",9,2,4,3,2010,8,1,NA
1849,"Y2312600",9,2,4,3,2010,9,1,NA
1850,"Y2312700",9,2,4,3,2010,10,1,NA
1861,"Y2312800",10,2,4,3,2010,1,1,""
1862,"Y2312900",10,2,4,3,2010,2,1,""
1863,"Y2313000",10,2,4,3,2010,3,1,""
1864,"Y2313100",10,2,4,3,2010,4,1,""
1865,"Y2313200",10,2,4,3,2010,5,1,""
1866,"Y2313300",10,2,4,3,2010,6,1,""
1867,"Y2313400",10,2,4,3,2010,7,1,""
1868,"Y2313500",10,2,4,3,2010,8,1,""
1869,"Y2313600",10,2,4,3,2010,9,1,""
1870,"Y2313700",10,2,4,3,2010,10,1,""
1871,"Y0677600",16,2,4,3,1996,0,1,""
1872,"Y0974800",16,2,4,3,1998,1,1,""
1873,"Y1192400",16,2,4,3,2000,2,1,""
1874,"Y1434300",16,2,4,3,2002,3,1,""
1875,"Y1672700",16,2,4,3,2004,4,1,""
1876,"Y1948500",16,2,4,3,2006,5,1,""
1877,"Y2267100",16,2,4,3,2008,6,1,""
1879,"Y2616000",16,2,4,3,2010,7,1,""
1880,"Y2531800",40,2,6,3,2010,0,1,""
1881,"C3981100",17,2,4,2,2010,0,1,NA
1885,"C3981700",121,2,6,2,2010,0,1,""
1886,"C3981800",122,2,6,2,2010,0,1,""
1887,"C3981900",123,2,6,2,2010,0,1,""
1889,"R0779800",200,1,8,1,1982,0,1,NA
1890,"R0779900",201,1,8,1,1982,0,1,NA
1891,"R4521500",25,1,10,1,1994,0,1,NA
1892,"R4521700",26,1,10,1,1994,0,1,NA
1893,"R4521800",27,1,10,1,1994,0,1,NA
1894,"R4521900",28,1,10,1,1994,0,1,NA
1895,"R4522000",29,1,10,1,1994,0,1,NA
1896,"R4522100",30,1,10,1,1994,0,1,NA
1898,"R4522200",9999,1,10,1,1994,0,0,NA
1903,"R4522300",9999,1,10,1,1994,1,0,NA
1904,"R4522400",9995,1,10,1,1994,0,0,NA
1905,"R4522500",9996,1,10,1,1994,0,0,NA
1906,"R4522600",9999,1,10,1,1994,2,0,NA
1907,"R4522700",9997,1,10,1,1994,0,1,NA
1908,"R4522800",9998,1,10,1,1994,0,1,NA
1909,"R0618200",202,1,8,1,1981,0,0,"Scored according to 1980 standards"
1911,"R0618300",202,1,8,1,1981,1,0,"Scored according to 1989 standards"
1912,"R0618301",203,1,8,1,1981,0,1,"Scored according to 2006 standards"
1913,"R1774100",70,1,3,1,1985,0,1,NA
1914,"R1774200",71,1,3,1,1985,0,1,NA
1915,"C0404100",72,2,5,2,1986,0,0,NA
1916,"C0404200",73,2,5,2,1986,0,0,NA
1918,"C0577600",500,2,9,3,1986,0,0,NA
1919,"C0606300",501,2,9,3,1988,0,0,NA
1920,"C0606400",502,2,9,3,1988,0,0,NA
1921,"C0826400",501,2,9,3,1990,0,0,NA
1922,"C0826500",502,2,9,3,1990,0,0,NA
1923,"C1016700",501,2,9,3,1992,0,0,NA
1924,"C1016800",502,2,9,3,1992,0,0,NA
1925,"C1220200",501,2,9,3,1994,0,0,NA
1926,"C1220300",502,2,9,3,1994,0,0,NA
1927,"C1532700",501,2,9,3,1996,0,0,NA
1928,"C1532800",502,2,9,3,1996,0,0,NA
1929,"C1779300",501,2,9,3,1998,0,0,NA
1930,"C1779400",502,2,9,3,1998,0,0,NA
1931,"C2288500",501,2,9,3,2000,0,0,NA
1932,"C2288600",502,2,9,3,2000,0,0,NA
1933,"C2552300",500,2,9,3,2002,0,0,NA
1934,"C2820900",500,2,9,3,2004,0,0,NA
1935,"C3130400",500,2,9,3,2006,0,0,NA
1938,"C3553400",503,2,9,3,2006,0,0,NA
1939,"C3634500",500,2,9,3,2008,0,0,NA
1940,"C3898000",503,2,9,3,2008,0,0,NA
1941,"C4013000",500,2,9,3,2010,0,0,NA
1942,"C5147900",503,2,9,3,2010,0,0,NA
1944,"Y0308300",501,2,9,2,1994,0,1,NA
1945,"Y0308400",502,2,9,2,1994,0,1,NA
1946,"Y0609600",501,2,9,2,1996,0,1,NA
1947,"Y0609700",502,2,9,2,1996,0,1,NA
1948,"Y0903900",501,2,9,2,1998,0,1,NA
1950,"Y0904000",502,2,9,2,1998,0,1,NA
1951,"Y1150800",501,2,9,2,2000,0,1,NA
1952,"Y1150900",502,2,9,2,2000,0,1,NA
1953,"Y1385800",501,2,9,2,2002,0,1,NA
1954,"Y1385900",502,2,9,2,2002,0,1,NA
1955,"Y1637500",501,2,9,2,2004,0,1,NA
1956,"Y1637600",502,2,9,2,2004,0,1,NA
1957,"Y1891100",501,2,9,2,2006,0,1,NA
1958,"Y1891200",502,2,9,2,2006,0,1,NA
1959,"Y2207000",501,2,9,2,2008,0,1,NA
1960,"Y2207100",502,2,9,2,2008,0,1,NA
1961,"Y2544700",501,2,9,2,2010,0,1,NA
1962,"Y2544800",502,2,9,2,2010,0,1,NA
1974,"R0000162",3,1,10,1,1979,1,1,NA
1975,"R0000163",3,1,10,1,1979,2,1,NA
1976,"R0000164",3,1,10,1,1979,3,1,NA
1977,"R0000165",3,1,10,1,1979,4,1,NA
1978,"R0000166",3,1,10,1,1979,5,1,NA
1984,"R4825600",9994,1,5,1,1994,0,0,NA
1987,"R4825800",9993,1,5,1,1994,0,0,NA
1990,"R0214800",102,1,3,1,1979,0,0,"Is read directly in Subject.cs"
1991,"C0005400",102,2,4,2,0,0,0,"Is read directly in Subject.cs"
2014,"T2261500",5,1,10,1,2010,1,1,""
2015,"T2261600",5,1,10,1,2010,2,1,""
2016,"T2261700",5,1,10,1,2010,3,1,""
2017,"T2261800",5,1,10,1,2010,4,1,""
2018,"T2261900",5,1,10,1,2010,5,1,""
2019,"T2262000",5,1,10,1,2010,6,1,""
2020,"T2262100",5,1,10,1,2010,7,1,""
2021,"T2262200",5,1,10,1,2010,8,1,""
2022,"T2262300",5,1,10,1,2010,9,1,""
2023,"T2262400",5,1,10,1,2010,10,1,""
2024,"T2262500",5,1,10,1,2010,11,1,""
2025,"T2262600",5,1,10,1,2010,12,1,""
2026,"T2262700",6,1,10,1,2010,1,1,""
2027,"T2262800",6,1,10,1,2010,2,1,""
2028,"T2262900",6,1,10,1,2010,3,1,""
2029,"T2263000",6,1,10,1,2010,4,1,""
2030,"T2263100",6,1,10,1,2010,5,1,""
2031,"T2263200",6,1,10,1,2010,6,1,""
2032,"T2263300",6,1,10,1,2010,7,1,""
2033,"T2263400",6,1,10,1,2010,8,1,""
2034,"T2263500",6,1,10,1,2010,9,1,""
2035,"T2263600",6,1,10,1,2010,10,1,""
2036,"T2263700",6,1,10,1,2010,11,1,""
2037,"T2263800",6,1,10,1,2010,12,1,""
2041,"H0001600",300,1,11,1,0,1,1,"alive 40 health"
2042,"H0013600",300,1,11,1,0,2,1,"alive 50 health"
2043,"H0001700",301,1,11,1,0,1,1,"deathcause 40 health"
2044,"H0013700",301,1,11,1,0,2,1,"deathcause 50 health"
2045,"H0001800",302,1,11,1,0,1,1,"deathage 40"
2046,"H0013800",302,1,11,1,0,2,1,"deathage 50"
2047,"H0001900",303,1,11,1,0,1,1,"has probs 40"
2048,"H0013900",303,1,11,1,0,2,1,"has probs 50"
2049,"H0002000",304,1,11,1,0,1,0,"prob1 40"
2050,"H0002100",304,1,11,1,0,2,0,"prob2 40"
2051,"H0002200",304,1,11,1,0,3,0,"prob3 40"
2052,"H0002300",304,1,11,1,0,4,0,"prob4 40"
2053,"H0014000",304,1,11,1,0,5,0,"prob1 50"
2054,"H0014100",304,1,11,1,0,6,0,"prob2 50"
2055,"H0014200",304,1,11,1,0,7,0,"prob3 50"
2056,"H0014300",304,1,11,1,0,8,0,"prob4 50"
2057,"H0014400",304,1,11,1,0,9,0,"prob3 50"
2058,"H0014500",304,1,11,1,0,10,0,"prob4 50"
2062,"R0007300",305,1,11,1,1979,0,1,"birth country"
2063,"R0007900",307,1,11,1,1979,0,1,"highest grade"
2064,"R0007700",308,1,11,1,1979,0,1,"birth country grandfather"
2065,"H0002400",320,1,11,1,0,1,1,"alive 40 health"
2066,"H0014700",320,1,11,1,0,2,1,"alive 50 health"
2067,"H0002500",321,1,11,1,0,1,1,"deathcause 40 health"
2068,"H0014800",321,1,11,1,0,2,1,"deathcause 50 health"
2069,"H0002600",322,1,11,1,0,1,1,"deathage 40"
2070,"H0014900",322,1,11,1,0,2,1,"deathage 50"
2071,"H0002700",323,1,11,1,0,1,1,"has probs 40"
2072,"H0015000",323,1,11,1,0,2,1,"has probs 50"
2073,"H0002800",324,1,11,1,0,1,0,"prob1 40"
2074,"H0002900",324,1,11,1,0,2,0,"prob2 40"
2075,"H0003000",324,1,11,1,0,3,0,"prob3 40"
2076,"H0003100",324,1,11,1,0,4,0,"prob4 40"
2077,"H0015100",324,1,11,1,0,5,0,"prob1 50"
2078,"H0015200",324,1,11,1,0,6,0,"prob2 50"
2079,"H0015300",324,1,11,1,0,7,0,"prob3 50"
2080,"H0015400",324,1,11,1,0,8,0,"prob4 50"
2081,"H0015500",324,1,11,1,0,9,0,"prob5 50"
2082,"H0015600",324,1,11,1,0,10,0,"prob6 50"
2083,"H0015700",324,1,11,1,0,11,0,"prob7 50"
2084,"H0015800",324,1,11,1,0,12,0,"prob8 50"
2085,"H0015900",324,1,11,1,0,13,0,"prob9 50"
2086,"H0016000",324,1,11,1,0,14,0,"prob10 50"
2087,"R0006100",325,1,11,1,1979,0,1,"birth country"
2088,"R0006500",327,1,11,1,1979,0,1,"highest grade"
2129,"R2837200",326,1,11,1,1988,255,1,""
2130,"R2837300",326,1,11,1,1988,0,1,""
2131,"R2837400",326,1,11,1,1988,1,1,""
2132,"R2837500",326,1,11,1,1988,2,1,""
2133,"R2837600",326,1,11,1,1988,3,1,""
2134,"R2837700",326,1,11,1,1988,4,1,""
2135,"R2837800",326,1,11,1,1988,5,1,""
2136,"R2837900",326,1,11,1,1988,6,1,""
2137,"R2838000",326,1,11,1,1988,7,1,""
2138,"R2838100",326,1,11,1,1988,8,1,""
2139,"R2838200",326,1,11,1,1988,9,1,""
2140,"R2838300",326,1,11,1,1988,10,1,""
2141,"R2838400",326,1,11,1,1988,11,1,""
2142,"R2838500",326,1,11,1,1988,12,1,""
2143,"R2838600",326,1,11,1,1988,13,1,""
2144,"R2838700",326,1,11,1,1988,14,1,""
2145,"R2838800",326,1,11,1,1988,15,1,""
2146,"R2838900",326,1,11,1,1988,16,1,""
2147,"R2839000",326,1,11,1,1988,17,1,""
2148,"R2839100",326,1,11,1,1988,18,1,""
2149,"R2839200",306,1,11,1,1988,255,1,""
2150,"R2839300",306,1,11,1,1988,0,1,""
2151,"R2839400",306,1,11,1,1988,1,1,""
2152,"R2839500",306,1,11,1,1988,2,1,""
2153,"R2839600",306,1,11,1,1988,3,1,""
2154,"R2839700",306,1,11,1,1988,4,1,""
2155,"R2839800",306,1,11,1,1988,5,1,""
2156,"R2839900",306,1,11,1,1988,6,1,""
2157,"R2840000",306,1,11,1,1988,7,1,""
2158,"R2840100",306,1,11,1,1988,8,1,""
2159,"R2840200",306,1,11,1,1988,9,1,""
2160,"R2840300",306,1,11,1,1988,10,1,""
2161,"R2840400",306,1,11,1,1988,11,1,""
2162,"R2840500",306,1,11,1,1988,12,1,""
2163,"R2840600",306,1,11,1,1988,13,1,""
2164,"R2840700",306,1,11,1,1988,14,1,""
2165,"R2840800",306,1,11,1,1988,15,1,""
2166,"R2840900",306,1,11,1,1988,16,1,""
2167,"R2841000",306,1,11,1,1988,17,1,""
2168,"R2841100",306,1,11,1,1988,18,1,""
2169,"R2302900",309,1,11,1,1987,0,0,"Gen1 Father Birth Month"
2170,"R2505100",309,1,11,1,1988,0,0,"Gen1 Father Birth Month"
2171,"R2303100",310,1,11,1,1987,0,1,"Gen1 Father Birth Year"
2173,"R2505300",310,1,11,1,1988,0,1,"Gen1 Father Birth Year"
2174,"R2303300",329,1,11,1,1987,0,0,"Gen1 Mother Birth Month"
2175,"R2505500",329,1,11,1,1988,0,0,"Gen1 Mother Birth Month"
2176,"R2303500",330,1,11,1,1987,0,1,"Gen1 Mother Birth Year"
2177,"R2505700",330,1,11,1,1988,0,1,"Gen1 Mother Birth Year"
2178,"R2303200",311,1,11,1,1987,0,1,"Gen1 Father Age"
2179,"R2505400",311,1,11,1,1988,0,1,"Gen1 Father Age"
2180,"R2303600",331,1,11,1,1987,0,1,"Gen1 Mother Age"
2181,"R2505800",331,1,11,1,1988,0,1,"Gen1 Mother Age"
2182,"R2737900",340,1,11,1,1988,0,1,"LIVED WITH BOTH BIOLOGICAL PARENTS FROM BIRTH TO AGE 18?"
2183,"R0481600",204,1,8,1,1981,0,1,"String of feet concat with inches"
2184,"R1773900",200,1,8,1,1985,0,1,NA
2185,"R0481700",201,1,8,1,1981,0,1,NA
2186,"R1774000",201,1,8,1,1985,0,1,NA
2187,"Y0308500",504,2,12,3,1994,0,1,""
2188,"Y0904100",504,2,12,3,1998,0,1,""
2189,"Y1151000",504,2,12,3,2000,0,1,""
2190,"Y1386000",504,2,12,3,2002,0,1,""
2191,"Y1637700",504,2,12,3,2004,0,1,""
2192,"Y1891300",504,2,12,3,2006,0,1,""
2193,"Y2207200",504,2,12,3,2008,0,1,""
2194,"Y2544900",504,2,12,3,2010,0,1,""
2195,"C0579900",511,2,13,2,1986,0,1,""
2196,"C0580000",512,2,13,2,1986,0,1,""
2197,"C0580100",513,2,13,2,1986,0,1,""
2198,"C0799400",511,2,13,2,1988,0,1,""
2199,"C0799500",512,2,13,2,1988,0,1,""
2200,"C0799600",513,2,13,2,1988,0,1,"There's at least one '0', but the min should be 65"
2201,"C0998600",511,2,13,2,1990,0,1,""
2202,"C0998700",512,2,13,2,1990,0,1,""
2203,"C0998800",513,2,13,2,1990,0,1,""
2204,"C1198600",511,2,13,2,1992,0,1,""
2205,"C1198700",512,2,13,2,1992,0,1,""
2206,"C1198800",513,2,13,2,1992,0,1,""
2207,"C1507600",511,2,13,2,1994,0,1,""
2208,"C1507700",512,2,13,2,1994,0,1,""
2209,"C1507800",513,2,13,2,1994,0,1,""
2210,"C1564500",511,2,13,2,1996,0,1,""
2211,"C1564600",512,2,13,2,1996,0,1,""
2212,"C1564700",513,2,13,2,1996,0,1,""
2213,"C1799900",511,2,13,2,1998,0,1,""
2214,"C1800000",512,2,13,2,1998,0,1,""
2215,"C1800100",513,2,13,2,1998,0,1,""
2216,"C2503500",511,2,13,2,2000,0,1,""
2217,"C2503600",512,2,13,2,2000,0,1,""
2218,"C2503700",513,2,13,2,2000,0,1,""
2219,"C2532000",511,2,13,2,2002,0,1,""
2220,"C2532100",512,2,13,2,2002,0,1,""
2221,"C2532200",513,2,13,2,2002,0,1,""
2222,"C2802800",511,2,13,2,2004,0,1,""
2223,"C2802900",512,2,13,2,2004,0,1,""
2224,"C2803000",513,2,13,2,2004,0,1,""
2225,"C3111300",511,2,13,2,2006,0,1,""
2226,"C3111400",512,2,13,2,2006,0,1,""
2227,"C3111500",513,2,13,2,2006,0,1,""
2228,"C3615000",511,2,13,2,2008,0,1,""
2229,"C3615100",512,2,13,2,2008,0,1,""
2230,"C3615200",513,2,13,2,2008,0,1,""
2231,"C3993600",511,2,13,2,2010,0,1,""
2232,"C3993700",512,2,13,2,2010,0,1,""
2233,"C3993800",513,2,13,2,2010,0,1,""
2237,"R0214700",103,1,3,1,1979,0,1,"No missing values"
2239,"C0005300",103,2,4,2,0,0,1,"no missing values"
2240,"Y0002100",16,2,4,3,1994,0,1,NA
2242,"C4006300",20,2,4,2,2010,0,1,NA
2243,"C4006301",21,2,4,2,2010,0,1,NA
2244,"C4006302",22,2,4,2,2010,0,1,NA
